num,adress,company,company_size,company_statue,company_type,educate,experi,hr_head,hr_job,hr_name,salary,title
0,北京 朝阳区 来广营,Geek+,500-999人,C轮,智能硬件,本科,5-10年,"https://img.bosszhipin.com/beijin/mcs/useravatar/20170327/150c6d785ad4bcb5006390d3e7a91cec53cfee4f0c403aad30545003d78c91fe_s.jpg?x-oss-process=image/resize,w_40,limit_0",招聘专员,王女士,30-40K·14薪,高级JAVA工程师
1,北京 朝阳区 北苑,闲徕互娱,1000-9999人,不需要融资,互联网,本科,5-10年,"https://img.bosszhipin.com/beijin/upload/avatar/20190724/a45f3840c5dbd50c82d9d013a95fe4ff726ceec5217046f2a0fc92caf7e99483_s.jpg?x-oss-process=image/resize,w_40,limit_0",HRBP,周女士,30-60K,Java架构师
2,北京 海淀区 中关村,爱奇艺,1000-9999人,已上市,互联网,本科,3-5年,"https://img.bosszhipin.com/beijin/upload/avatar/20190730/c3c83111f638316c5f2b94c94c3e86dc1ef2740447ec5c5be858b4188072127a_s.jpg?x-oss-process=image/resize,w_40,limit_0",研究员,张先生,25-40K,资深Java工程师
3,北京 海淀区 西北旺,软通动力,10000人以上,已上市,计算机软件,本科,1-3年,"https://img.bosszhipin.com/beijin/mcs/useravatar/20190328/f90ec8f11039bef89c2dfe92ec4f6de3cfcd208495d565ef66e7dff9f98764da_s.jpg?x-oss-process=image/resize,w_40,limit_0",招聘者,赵女士,14-16K,百度java工程师
4,北京 朝阳区 三元桥,国美在线,10000人以上,已上市,互联网,本科,1-3年,"https://img.bosszhipin.com/beijin/mcs/useravatar/20180503/7712f8918b13fd9b82277c7640004778e0b9b6919bbe8000960f09e3f6c4cf24_s.jpg?x-oss-process=image/resize,w_40,limit_0",研发经理,杨先生,18-35K·14薪,Java工程师
5,北京 海淀区 牡丹园,道达天际科技有限公司,20-99人,未融资,计算机软件,本科,1-3年,"https://img.bosszhipin.com/boss/avatar/avatar_15.png?x-oss-process=image/resize,w_40,limit_0",执行副总,周先生,9-15K,Java
6,北京 朝阳区 来广营,玖富,1000-9999人,D轮及以上,互联网金融,本科,3-5年,"https://img2.bosszhipin.com/mcs/useravatar/20151104/a82735e999055b8ccb78dacf4195c0d23800a1f5df425a52f290b98540eb748e_s.jpg?x-oss-process=image/resize,w_40,limit_0",HR,黄女士,15-25K·14薪,Java工程师
7,北京 海淀区 上地,金泰亚盛,100-499人,D轮及以上,计算机软件,本科,1-3年,"https://img.bosszhipin.com/beijin/mcs/useravatar/20161026/f09381bc27c7d5f2e2e4f66cc2b1069ed56e695561b237cab93c61e04f28e3b8_s.jpg?x-oss-process=image/resize,w_40,limit_0",招聘者,胡女士,10-15K,Java后端
8,北京 海淀区 五道口,北京红泰,10000人以上,D轮及以上,互联网,本科,5-10年,"https://img.bosszhipin.com/boss/avatar/avatar_13.png?x-oss-process=image/resize,w_40,limit_0",招聘者,解先生,25-35K,高级JAVA开发
9,北京  ,新橙科技,500-999人,不需要融资,计算机软件,本科,3-5年,"https://img.bosszhipin.com/beijin/mcs/useravatar/20170727/cbeba6dd7c81977e72724523343ab1cf313a64ada899129e24d182f7ba962671_s.jpg?x-oss-process=image/resize,w_40,limit_0",产品负责人,李先生,15-30K,java后端工程师
10,北京 海淀区 清河,九次方大数据,1000-9999人,D轮及以上,数据服务,本科,3-5年,"https://img.bosszhipin.com/beijin/mcs/useravatar/20161115/2f91913a0482e9a811906c54c13b98328c7dd922ad47494fc02c388e12c00eac_s.jpg?x-oss-process=image/resize,w_40,limit_0",,,14-20K,java
11,北京 朝阳区 四惠,蜜蜂汇金,500-999人,不需要融资,互联网,本科,1-3年,"https://img.bosszhipin.com/beijin/mcs/useravatar/20180301/ca9dcd21166de35db0ba76e0c03f71e036ee5e05df6aabb5d1a26a726adfad02_s.jpg?x-oss-process=image/resize,w_40,limit_0",IT研发部HRBP,太先生,15-20K·13薪,Java开发工程师
12,北京 顺义区 马坡,文思海辉·金融,10000人以上,不需要融资,计算机软件,本科,3-5年,"https://img.bosszhipin.com/beijin/mcs/useravatar/20160518/65b8c7758b4415800b0f2e3f12a817a68c7dd922ad47494fc02c388e12c00eac_s.jpg?x-oss-process=image/resize,w_40,limit_0",招聘专员,雷女士,12-24K,JAVA
13,北京 海淀区 西二旗,网梯科技,100-499人,不需要融资,计算机软件,本科,1-3年,"https://img.bosszhipin.com/beijin/mcs/useravatar/20180306/e7fde5708c7aa4df48e3829d0e8d1a4ea5f92f7e348b17d940a92095d3a811dc_s.jpg?x-oss-process=image/resize,w_40,limit_0",招聘经理,于女士,8-12K,Java
14,北京  ,支付宝,10000人以上,B轮,移动互联网,本科,3-5年,"https://img.bosszhipin.com/boss/avatar/avatar_6.png?x-oss-process=image/resize,w_40,limit_0",高级研发工程师,龙先生,30-60K,高级JAVA开发
15,北京  ,支付宝,10000人以上,B轮,移动互联网,本科,3-5年,"https://img.bosszhipin.com/boss/avatar/avatar_6.png?x-oss-process=image/resize,w_40,limit_0",高级研发工程师,龙先生,30-60K,Java
16,北京 海淀区 五道口,搜狗,1000-9999人,已上市,互联网,本科,3-5年,"https://img.bosszhipin.com/boss/avatar/avatar_6.png?x-oss-process=image/resize,w_40,limit_0",技术总监,张先生,25-50K,高级Java工程师
17,北京 海淀区 上地,OKCoin,500-999人,B轮,互联网,本科,3-5年,"https://img2.bosszhipin.com/boss/avatar/avatar_6.png?x-oss-process=image/resize,w_40,limit_0",Java研发经理,于先生,25-35K,JAVA 高级工程师
18,北京 朝阳区 呼家楼,阿里巴巴集团,10000人以上,不需要融资,互联网,本科,5-10年,"https://img.bosszhipin.com/beijin/mcs/useravatar/20180523/08c2dca7bdee7b7de3d6cca76cdbb7c7e902b031a079b5d1982016a6dc0f1028_s.jpg?x-oss-process=image/resize,w_40,limit_0",高级技术专家,李先生,40-70K·16薪,Java开发专家
19,北京  ,高阳明天,20-99人,未融资,计算机软件,本科,3-5年,"https://img.bosszhipin.com/beijin/mcs/useravatar/20160628/8d8d4463f0ab2b748db500123dcf1b120b5151586960eee99a854e6337a29761_s.jpg?x-oss-process=image/resize,w_40,limit_0",项目经理,高先生,14-21K,Java
20,北京 海淀区 中关村,软通动力,10000人以上,已上市,计算机软件,大专,3-5年,"https://img.bosszhipin.com/beijin/mcs/useravatar/20190424/cf55b52cfe078853aef2fba477ed2f23cfcd208495d565ef66e7dff9f98764da_s.jpg?x-oss-process=image/resize,w_40,limit_0",高级招聘顾问,崔女士,9-14K,保险-JAVA
21,北京 朝阳区 四惠,达飞云贷,10000人以上,不需要融资,互联网金融,本科,3-5年,"https://img.bosszhipin.com/beijin/mcs/useravatar/20171026/4b6bcfd3e672d2635e347e811654f42578a10093a1733feda1f6aa5619669335_s.jpg?x-oss-process=image/resize,w_40,limit_0",技术经理,穆先生,15-25K,Java
22,北京 朝阳区 太阳宫,Boss直聘,1000-9999人,D轮及以上,人力资源服务,本科,3-5年,"https://img.bosszhipin.com/beijin/mcs/useravatar/20170221/c7021e8fd98d8512dcd3cfb6140edc8a8c7dd922ad47494fc02c388e12c00eac_s.jpg?x-oss-process=image/resize,w_40,limit_0",CTO,张先生,25-35K,高级Java工程师
23,北京 昌平区 回龙观,长城汽车,10000人以上,已上市,汽车生产,大专,5-10年,"https://img.bosszhipin.com/boss/avatar/avatar_1.png?x-oss-process=image/resize,w_40,limit_0",主管工程师,刘女士,15-30K,JAVA 高级工程师
24,北京 朝阳区 三元桥,国美在线,10000人以上,已上市,互联网,本科,3-5年,"https://img.bosszhipin.com/beijin/mcs/useravatar/20180127/b1f9ba962a1ccd74b3728a6297522766f0ca1e6f8c6673a674bf47cdc4f3ce8f_s.jpg?x-oss-process=image/resize,w_40,limit_0",营销技术负责人,谢先生,10-20K,JAVA工程师
25,北京 海淀区 西三旗,分享动力,20-99人,不需要融资,互联网,本科,5-10年,"https://img.bosszhipin.com/beijin/upload/avatar/20190624/6cbffc7127717f2fc2fc05581bd1e70e3964d6880a5ee3274586aaf773c44544_s.png?x-oss-process=image/resize,w_40,limit_0",技术主管,王女士,35-50K,资深Java工程师
26,北京 海淀区 上地,小米,10000人以上,已上市,互联网,本科,3-5年,"https://img.bosszhipin.com/boss/avatar/avatar_12.png?x-oss-process=image/resize,w_40,limit_0",HR,刘女士,25-40K,高级Java工程师（新零售）
27,北京 海淀区 上地,小米,10000人以上,已上市,互联网,本科,3-5年,"https://img.bosszhipin.com/boss/avatar/avatar_6.png?x-oss-process=image/resize,w_40,limit_0",招聘者,杨先生,18-35K,Java后端工程师
28,北京 海淀区 上地,饿了么,10000人以上,不需要融资,O2O,本科,5-10年,"https://img.bosszhipin.com/beijin/mcs/useravatar/20190123/efdc17e1abbc608dccf43a3ef8b1ed391e514b08b8f4407164f77837bf51b22f_s.jpg?x-oss-process=image/resize,w_40,limit_0",HRBP,贺女士,30-45K·15薪,JAVA开发专家
29,北京 丰台区 方庄,腾达科技,,,,大专,5-10年,"https://img.bosszhipin.com/beijin/mcs/useravatar/20190615/079998a58182d4fde8c0c142c53b3defcfcd208495d565ef66e7dff9f98764da_s.jpg?x-oss-process=image/resize,w_40,limit_0",hr,谢女士,10-20K,Java
 0,adress,company,company_size,company_statue,company_type,educate,experi,hr_head,hr_job,hr_name,salary,title
0,北京  ,高德地图,1000-9999人,已上市,互联网,本科,3-5年,"https://img2.bosszhipin.com/boss/avatar/avatar_6.png?x-oss-process=image/resize,w_40,limit_0",,,25-45K,Java
1,北京 朝阳区 十里堡,天谱教育,1000-9999人,未融资,在线教育,本科,5-10年,"https://img.bosszhipin.com/beijin/upload/avatar/20190801/a68cdf9601ed07ea2261dde5db867526344c37de51692fe7d478bbad1ea95242_s.jpg?x-oss-process=image/resize,w_40,limit_0",HR,苏女士,11-20K,java工程师
2,北京  ,软通动力,10000人以上,已上市,计算机软件,本科,3-5年,"https://img.bosszhipin.com/beijin/mcs/useravatar/20181107/af44164b6410cc0027dcecff106335bd07b878143d6e5c5878429f7e618e3f94_s.jpg?x-oss-process=image/resize,w_40,limit_0",招聘顾问,魏先生,11-16K,JAVA开发（稻香湖路）
3,北京 海淀区 马连洼,东风新能源汽车销售服务,100-499人,不需要融资,互联网,本科,3-5年,"https://img.bosszhipin.com/beijin/mcs/banner/20171031/84ade9701fd02a77fedb6675600a134f33d208e8d6fc287973c46e5cb5346f06.png?x-oss-process=image/resize,w_40,limit_0",综合人事,张女士,11-16K,中级java软件工程师
4,北京 海淀区 魏公村,京北方,10000人以上,未融资,互联网金融,本科,3-5年,"https://img.bosszhipin.com/beijin/mcs/useravatar/20190424/88b9554664405789b30828d7a42c8e2dcfcd208495d565ef66e7dff9f98764da_s.jpg?x-oss-process=image/resize,w_40,limit_0",HR,张女士,14-20K,java开发
5,北京 顺义区 后沙峪,金泰亚盛,100-499人,D轮及以上,计算机软件,大专,3-5年,"https://img.bosszhipin.com/beijin/mcs/useravatar/20190121/1eb2cbf36e1d18dc5707ded8390e4049cddb03f830638e4e2e9f9195dec59b2d_s.jpg?x-oss-process=image/resize,w_40,limit_0",招聘主管,王女士,10-15K,Java
6,北京 昌平区 回龙观,麦颂文化,1000-9999人,A轮,音乐/视频/阅读,本科,3-5年,"https://img.bosszhipin.com/boss/avatar/avatar_1.png?x-oss-process=image/resize,w_40,limit_0",招聘经理,宋女士,15-25K,java架构工程师
7,北京 朝阳区 亮马桥,阿里影业,500-999人,已上市,音乐/视频/阅读,本科,3-5年,"https://img.bosszhipin.com/boss/avatar/avatar_6.png?x-oss-process=image/resize,w_40,limit_0",开发专家,傅先生,30-50K,Java
8,北京 朝阳区 朝阳门,名道恒通,100-499人,未融资,计算机软件,本科,3-5年,"https://img.bosszhipin.com/boss/avatar/avatar_12.png?x-oss-process=image/resize,w_40,limit_0",HR,郭女士,10-15K,JAVA
9,北京 海淀区 海淀北部新区,宇信科技,1000-9999人,已上市,计算机软件,本科,3-5年,"https://img.bosszhipin.com/beijin/mcs/useravatar/20181022/a5e2586f128981ae980c995a5795de4657a674ae161cf998f90ff9e9f95a4ab8_s.jpg?x-oss-process=image/resize,w_40,limit_0",人事经理,代女士,11-22K,JAVA（稻香湖）
10,北京 朝阳区 酒仙桥,亿咖通,1000-9999人,不需要融资,互联网,本科,3-5年,"https://img.bosszhipin.com/boss/avatar/avatar_14.png?x-oss-process=image/resize,w_40,limit_0",研发经理,陈先生,25-40K,Java研发
11,北京 朝阳区 对外经贸,轻课,100-499人,A轮,互联网,本科,经验不限,"https://img.bosszhipin.com/beijin/upload/avatar/20190802/03a56b62c82285150bb694cc0f4664faeba0aeb0a4d05155233f341f44030f64_s.jpg?x-oss-process=image/resize,w_40,limit_0",架构师,唐先生,25-35K,Java
12,北京 朝阳区 望京,阿里健康科技(北...,,,,本科,5-10年,"https://img.bosszhipin.com/beijin/mcs/useravatar/20161212/ef6944307e751dc9410443ae8263e8878c7dd922ad47494fc02c388e12c00eac_s.jpg?x-oss-process=image/resize,w_40,limit_0",研发,刘先生,20-40K,Java高级工程师
13,北京 东城区 东四,宇信科技,1000-9999人,已上市,计算机软件,本科,1-3年,"https://img.bosszhipin.com/beijin/upload/avatar/20190623/04529407391d746ab9b7ad7725fd101fb68df8d552f2de82495faaa4d927d2d2_s.jpg?x-oss-process=image/resize,w_40,limit_0",招聘顾问,马女士,10-15K,JAVA工程师
14,北京 海淀区 西北旺,托普朗宁,500-999人,未融资,在线教育,本科,5-10年,"https://img2.bosszhipin.com/boss/avatar/avatar_13.png?x-oss-process=image/resize,w_40,limit_0",项目总监,贾先生,15-30K,Java
15,北京 西城区 金融街,文思海辉·金融,10000人以上,不需要融资,计算机软件,大专,3-5年,"https://img.bosszhipin.com/beijin/mcs/useravatar/20180404/00998a63d00989fcfc16699dd2435413cfcd208495d565ef66e7dff9f98764da_s.jpg?x-oss-process=image/resize,w_40,limit_0",HR,鲁女士,11-22K,Java
16,北京  ,金泰亚盛,100-499人,D轮及以上,计算机软件,本科,1-3年,"https://img.bosszhipin.com/beijin/mcs/useravatar/20190121/1eb2cbf36e1d18dc5707ded8390e4049cddb03f830638e4e2e9f9195dec59b2d_s.jpg?x-oss-process=image/resize,w_40,limit_0",招聘主管,王女士,8-9K,Java
17,北京 海淀区 西三旗,去哪儿,1000-9999人,不需要融资,互联网,本科,5-10年,"https://img.bosszhipin.com/beijin/mcs/useravatar/20180715/ad15f858a4eb497cf36aab50ce4e506a41591665c5dc7ea34a05c9a4f21a542a_s.jpg?x-oss-process=image/resize,w_40,limit_0",HRBP,王女士,25-40K·16薪,资深Java工程师
18,北京 朝阳区 国展,软通动力,10000人以上,已上市,计算机软件,大专,3-5年,"https://img.bosszhipin.com/beijin/mcs/useravatar/20190403/d8ca025c31e09a8787fa1912863d97209ec240ae92a8cbbb302e0b0ebf844091_s.jpg?x-oss-process=image/resize,w_40,limit_0",招聘顾问,马女士,17-18K,java工程师
19,北京 海淀区 西北旺,文德数慧,500-999人,A轮,互联网,本科,3-5年,"https://img.bosszhipin.com/beijin/upload/avatar/20190814/4c95137e95ee61bd0702bf119ecb3872e89e04ab07e9353cb02b2ebf4c7a3c9a_s.jpg?x-oss-process=image/resize,w_40,limit_0",HR,王先生,11-22K,java
20,北京 西城区 复兴门,联想利泰,1000-9999人,已上市,移动互联网,本科,5-10年,"https://img.bosszhipin.com/boss/avatar/avatar_9.png?x-oss-process=image/resize,w_40,limit_0",招聘顾问,鲁女士,11-17K,java开发
21,北京 海淀区 上地,云科未来,100-499人,不需要融资,在线教育,本科,1-3年,"https://img.bosszhipin.com/beijin/mcs/useravatar/20190430/7131ead03e87a4573c79b7cb222709b31ad4a378d4ca13c48987030eb47eb86f_s.png?x-oss-process=image/resize,w_40,limit_0",招聘者,李女士,8-12K,java助教
22,北京 朝阳区 望京,美团点评,10000人以上,已上市,O2O,本科,3-5年,"https://img.bosszhipin.com/boss/avatar/avatar_14.png?x-oss-process=image/resize,w_40,limit_0",java软件开发工程师,沈先生,20-40K·15薪,Java
23,北京 海淀区 上地,小米,10000人以上,已上市,互联网,本科,1-3年,"https://img2.bosszhipin.com/boss/avatar/avatar_7.png?x-oss-process=image/resize,w_40,limit_0",研发,尤先生,15-30K·15薪,Java
24,北京 海淀区 苏州街,汽车之家,1000-9999人,已上市,互联网,本科,5-10年,"https://img2.bosszhipin.com/mcs/useravatar/20160127/b0cc54fed302b5702502e512557851868c7dd922ad47494fc02c388e12c00eac_s.jpg?x-oss-process=image/resize,w_40,limit_0",研发经理,张先生,22-40K,Java高级工程师/架构师
25,北京 海淀区 西二旗,四方精创,1000-9999人,已上市,计算机软件,本科,3-5年,"https://img.bosszhipin.com/boss/avatar/avatar_5.png?x-oss-process=image/resize,w_40,limit_0",经理,包先生,8-13K,Java
26,北京 朝阳区 太阳宫,Boss直聘,1000-9999人,D轮及以上,人力资源服务,本科,5-10年,"https://img.bosszhipin.com/beijin/mcs/useravatar/20180611/e654e8d59b6771ada2e4122bc3c6d373dd619f19cc1305dfb864f57fa7ea18dd_s.jpg?x-oss-process=image/resize,w_40,limit_0",HRBP,秋女士,35-65K,Java架构师
27,北京 朝阳区 望京,亿达信息,1000-9999人,不需要融资,计算机软件,学历不限,3-5年,"https://img.bosszhipin.com/beijin/upload/avatar/20190723/c5672aeb3978ce82759db2e73bcd978a6653ded57500c72d9184224044c5fe2c_s.jpg?x-oss-process=image/resize,w_40,limit_0",HR,谢女士,16-25K,java开发
28,北京 东城区 磁器口,东软望海,1000-9999人,B轮,医疗健康,本科,5-10年,"https://img.bosszhipin.com/beijin/mcs/useravatar/20190418/4c716e8bb510dc28cecf417fc38337f2cfcd208495d565ef66e7dff9f98764da_s.jpg?x-oss-process=image/resize,w_40,limit_0",HR,于先生,25-35K,java架构师
29,北京 海淀区 北京大学,北京大学软件中心,20-99人,未融资,互联网,本科,1-3年,"https://img2.bosszhipin.com/mcs/useravatar/20150806/77213475aab41e8af659ecbca94703f58c7dd922ad47494fc02c388e12c00eac_s.jpg?x-oss-process=image/resize,w_40,limit_0",人事主管,黄先生,10-15K,Java
 0,adress,company,company_size,company_statue,company_type,educate,experi,hr_head,hr_job,hr_name,salary,title
0,北京 朝阳区 奥运村,艺相逢,20-99人,天使轮,互联网,本科,3-5年,"https://img.bosszhipin.com/beijin/mcs/useravatar/20170314/914512af4fd01aeb520e622bb89c661c8c7dd922ad47494fc02c388e12c00eac_s.jpg?x-oss-process=image/resize,w_40,limit_0",总经理,高先生,11-20K,Java
1,北京 朝阳区 来广营,小打卡,20-99人,B轮,互联网,本科,1-3年,"https://img.bosszhipin.com/boss/avatar/avatar_5.png?x-oss-process=image/resize,w_40,limit_0",招聘者,赖先生,20-40K,Java
2,北京 海淀区 马连洼,力控科技,100-499人,不需要融资,计算机软件,本科,3-5年,"https://img.bosszhipin.com/boss/avatar/avatar_6.png?x-oss-process=image/resize,w_40,limit_0",人事经理,顾先生,10-15K,Java
3,北京 海淀区 中关村,中科软,10000人以上,已上市,计算机软件,本科,1-3年,"https://img.bosszhipin.com/boss/avatar/avatar_6.png?x-oss-process=image/resize,w_40,limit_0",项目主管,刘先生,11-20K·13薪,Java
4,北京 海淀区 清河,九次方大数据,1000-9999人,D轮及以上,数据服务,本科,3-5年,"https://img.bosszhipin.com/beijin/mcs/useravatar/20161115/2f91913a0482e9a811906c54c13b98328c7dd922ad47494fc02c388e12c00eac_s.jpg?x-oss-process=image/resize,w_40,limit_0",,,13-20K,Java后端工程师
5,北京 朝阳区 十里堡,宇信科技,1000-9999人,已上市,计算机软件,本科,5-10年,"https://img.bosszhipin.com/beijin/upload/avatar/20190605/f9b284393bc4eabd1324134dc313e9fc37deffbfacf392cf61e262059d075d3a_s.jpg?x-oss-process=image/resize,w_40,limit_0",招聘者,吴女士,12-24K,Java 银行
6,北京 昌平区 回龙观,三一重工,10000人以上,已上市,企业服务,本科,3-5年,"https://img.bosszhipin.com/beijin/mcs/useravatar/20190107/58de5cfdb3f6c0e33c31345ee8426310c3ab20b5e6679997a0e483ef0941cce2_s.jpg?x-oss-process=image/resize,w_40,limit_0",招聘经理,刘先生,20-40K·16薪,java工程师
7,北京 海淀区 中关村,爱奇艺,1000-9999人,已上市,互联网,本科,5-10年,"https://img.bosszhipin.com/beijin/mcs/useravatar/20190326/255e5b80e71df44334e8e5863bc2052d0e9b94d31f2e5447b55e175abcae66cd_s.jpg?x-oss-process=image/resize,w_40,limit_0",高级招聘HR,陈女士,30-60K·14薪,Java技术经理
8,北京 海淀区 上地,滴滴出行,1000-9999人,D轮及以上,移动互联网,本科,3-5年,"https://img.bosszhipin.com/beijin/mcs/useravatar/20171210/88d4b7f02e6b342489c74417d3c86dcfcfcd208495d565ef66e7dff9f98764da_s.jpg?x-oss-process=image/resize,w_40,limit_0",招聘者,贺先生,30-60K,Java资深工程师
9,北京 朝阳区 安贞,六合新创科技,100-499人,未融资,计算机软件,本科,3-5年,"https://img.bosszhipin.com/boss/avatar/avatar_9.png?x-oss-process=image/resize,w_40,limit_0",HR,彭女士,12-15K,Java
10,北京 昌平区 南邵,绛门科技,500-999人,已上市,计算机软件,本科,3-5年,"https://img.bosszhipin.com/beijin/upload/avatar/20190811/03f767ce839f0893221d0540abd5597111c25b75215c38070fea60bf5691dd16_s.png?x-oss-process=image/resize,w_40,limit_0",HR,李女士,16-17K,java
11,北京 朝阳区 呼家楼,支付宝,10000人以上,B轮,移动互联网,本科,3-5年,"https://img.bosszhipin.com/boss/avatar/avatar_1.png?x-oss-process=image/resize,w_40,limit_0",产品经理,林女士,20-40K,java/架构
12,北京 大兴区 亦庄,BOE,10000人以上,已上市,计算机软件,本科,5-10年,"https://img.bosszhipin.com/beijin/mcs/useravatar/20181031/3a166f3a05b5d402cf16f126bb1af63fdac9663ad9f3b2ca2998932fc44672c3_s.jpg?x-oss-process=image/resize,w_40,limit_0",京东方集团招聘经理,曹女士,18-35K,Java应用人才
13,北京 朝阳区 酒仙桥,同程艺龙,1000-9999人,已上市,互联网,本科,3-5年,"https://img.bosszhipin.com/beijin/mcs/useravatar/20180117/15727b67bb0a6d290f4cc2a41ddcfee6f6f3aa19565f2fa0d91b639d15b9307c_s.jpg?x-oss-process=image/resize,w_40,limit_0",招聘经理,韩先生,30-50K,Java高级工程师
14,北京 朝阳区 十里堡,神州数码,10000人以上,已上市,计算机软件,本科,3-5年,"https://img.bosszhipin.com/boss/avatar/avatar_6.png?x-oss-process=image/resize,w_40,limit_0",招聘者,管先生,12-14K,Java
15,北京 大兴区 亦庄,达达-京东到家,1000-9999人,D轮及以上,O2O,本科,3-5年,"https://img.bosszhipin.com/beijin/mcs/useravatar/20160613/fcb88127daeae1bc30fbd797828018f61e634064179d3d1b08923d3ad98f3260_s.jpg?x-oss-process=image/resize,w_40,limit_0",技术经理,周先生,15-30K,Java
16,北京 朝阳区 望京,阿里健康,500-999人,已上市,移动互联网,本科,3-5年,"https://img.bosszhipin.com/boss/avatar/avatar_6.png?x-oss-process=image/resize,w_40,limit_0",高级技术专家,杜先生,25-50K,Java
17,北京 朝阳区 大望路,铂金数据,100-499人,不需要融资,互联网,本科,5-10年,"https://img.bosszhipin.com/beijin/mcs/useravatar/20180322/b1fa138c6c444b6d05a3fe46833fd6ebcfcd208495d565ef66e7dff9f98764da_s.jpg?x-oss-process=image/resize,w_40,limit_0",HR主管,王女士,20-30K,高级java工程师
18,北京 西城区 马甸,中创软件,1000-9999人,不需要融资,计算机软件,本科,1-3年,"https://img.bosszhipin.com/beijin/mcs/useravatar/20180427/33f38680ff2774947f4d50040136eca2cfcd208495d565ef66e7dff9f98764da_s.jpg?x-oss-process=image/resize,w_40,limit_0",招聘专员,卢女士,7-10K,java 北京1年
19,北京 东城区 东四,东华博雅,1000-9999人,不需要融资,计算机软件,本科,3-5年,"https://img.bosszhipin.com/beijin/upload/avatar/20190611/8052cde72d6a6b05d966d18383eea7ec4a7a6d9c4e3138e50ac4702beef6a71f_s.jpg?x-oss-process=image/resize,w_40,limit_0",招聘经理,潘女士,11-17K,java工程师
20,北京 朝阳区 望京,猿辅导,1000-9999人,D轮及以上,在线教育,本科,3-5年,"https://img.bosszhipin.com/beijin/mcs/useravatar/20190506/40c910ebdfac5e524ae7ee6e913600a130a75f5ec782ae3d113c0b9dc5b806ab_s.jpg?x-oss-process=image/resize,w_40,limit_0",HRBP,郑女士,30-50K·14薪,高级Java工程师
21,北京 海淀区 苏州街,远传技术,500-999人,D轮及以上,计算机软件,本科,3-5年,"https://img.bosszhipin.com/beijin/mcs/useravatar/20180823/047533a3f2a078f135cff6a63896b1b438002c7fea75da582e0c5c000185f589_s.jpg?x-oss-process=image/resize,w_40,limit_0",招聘经理,李女士,13-17K,Java开发
22,北京 大兴区 亦庄,SCMsafe链四方,20-99人,未融资,物流/仓储,本科,5-10年,"https://img.bosszhipin.com/beijin/mcs/useravatar/20170502/ea58bec221ed345591eeb071985297df8c7dd922ad47494fc02c388e12c00eac_s.jpg?x-oss-process=image/resize,w_40,limit_0",总经理,王先生,15-25K,Java
23,北京 西城区 右安门,文创思宇,,,,大专,1-3年,"https://img.bosszhipin.com/boss/avatar/avatar_6.png?x-oss-process=image/resize,w_40,limit_0",HR,魏女士,6-12K,Java
24,北京 朝阳区 对外经贸,怀教网络,100-499人,已上市,计算机软件,本科,5-10年,"https://img2.bosszhipin.com/boss/avatar/avatar_4.png?x-oss-process=image/resize,w_40,limit_0",招聘者,吴女士,15-30K,Java
25,北京 海淀区 上地,金山云,1000-9999人,D轮及以上,互联网,本科,5-10年,"https://img2.bosszhipin.com/boss/avatar/avatar_3.png?x-oss-process=image/resize,w_40,limit_0",招聘经理,陈女士,20-40K·14薪,高级java工程师
26,北京 朝阳区 安贞,美菜网,10000人以上,D轮及以上,移动互联网,本科,5-10年,"https://img.bosszhipin.com/beijin/mcs/useravatar/20180101/7d9abb84e63575df5f59e6ce80f2dc6e8293e04043539bb89b230d1da0d8dc0c_s.jpg?x-oss-process=image/resize,w_40,limit_0",招聘经理,袁女士,40-70K,Java技术专家
27,北京 朝阳区 四惠,蜜蜂汇金,500-999人,不需要融资,互联网,本科,5-10年,"https://img.bosszhipin.com/beijin/mcs/useravatar/20160602/7f39226c2a9f38a9e3779d65efa6f1dd8c7dd922ad47494fc02c388e12c00eac_s.jpg?x-oss-process=image/resize,w_40,limit_0",人力资源经理,刘先生,22-23K·15薪,java技术经理
28,北京 朝阳区 酒仙桥,艾登科技,100-499人,B轮,数据服务,本科,3-5年,"https://img.bosszhipin.com/beijin/mcs/useravatar/20180806/3d7c4f9ae8c2996e74398768fb61b998226ef768eb00d7ff73927593ccf69649_s.jpg?x-oss-process=image/resize,w_40,limit_0",HR,赵女士,15-30K·13薪,Java
29,北京 朝阳区 呼家楼,蚂蚁金服,10000人以上,C轮,互联网,本科,5-10年,"https://img2.bosszhipin.com/boss/avatar/avatar_13.png?x-oss-process=image/resize,w_40,limit_0",招聘者,严先生,20-40K,Java
 0,adress,company,company_size,company_statue,company_type,educate,experi,hr_head,hr_job,hr_name,salary,title
0,北京 海淀区 上地,艾融软件,500-999人,已上市,互联网,本科,1-3年,"https://img.bosszhipin.com/beijin/mcs/useravatar/20190628/f947c04ca8ac08481018be232bba52423967a1159791df9741de0783397267fc_s.jpg?x-oss-process=image/resize,w_40,limit_0",HR,刘女士,10-14K,java
1,北京 朝阳区 望京,阿里云,1000-9999人,已上市,互联网,本科,5-10年,"https://img.bosszhipin.com/boss/avatar/avatar_6.png?x-oss-process=image/resize,w_40,limit_0",招聘者,唐先生,30-60K,java专家
2,北京 海淀区 西三旗,宇信科技,1000-9999人,已上市,计算机软件,本科,3-5年,"https://img.bosszhipin.com/beijin/mcs/useravatar/20180706/c41a5342a332686a57faa862563dfa58b60a296272ae781e88d3117195b9eb4a_s.jpg?x-oss-process=image/resize,w_40,limit_0",招聘者,王女士,10-15K,Java
3,北京 朝阳区 酒仙桥,人人网,1000-9999人,已上市,社交网络,本科,3-5年,"https://img.bosszhipin.com/beijin/mcs/useravatar/20180306/d9dd87bcabc999e6ecbd334a6ecfabda5eb56df43628711897ee9910aa5276fa_s.jpg?x-oss-process=image/resize,w_40,limit_0",人力资源经理,雷女士,20-30K,北京java开发
4,北京 海淀区 海淀北部新区,北明软件,1000-9999人,已上市,互联网,本科,1-3年,"https://img.bosszhipin.com/boss/avatar/avatar_5.png?x-oss-process=image/resize,w_40,limit_0",技术部经理,严先生,9-14K,Java
5,北京 丰台区 云岗,北京京航航天304所,500-999人,不需要融资,计算机软件,本科,3-5年,"https://img2.bosszhipin.com/boss/avatar/avatar_1.png?x-oss-process=image/resize,w_40,limit_0",人力资源主管,尹女士,10-20K,Java
6,北京  ,新致软件,1000-9999人,D轮及以上,计算机软件,本科,3-5年,"https://img.bosszhipin.com/beijin/mcs/banner/20171031/84ade9701fd02a77fedb6675600a134f33d208e8d6fc287973c46e5cb5346f06.png?x-oss-process=image/resize,w_40,limit_0",hr,魏女士,10-20K,Java
7,北京 朝阳区 三元桥,岚时LansTech,20-99人,A轮,移动互联网,本科,1年以内,"https://img.bosszhipin.com/beijin/upload/avatar/20190608/c1b89997c3a416941b8bccff3059cfbf74beab55d65e2e48d21efee09d0b67ee_s.jpg?x-oss-process=image/resize,w_40,limit_0",hrd,郭女士,16-20K,Java
8,北京 海淀区 上地,方正电子,10000人以上,已上市,互联网,硕士,经验不限,"https://img2.bosszhipin.com/boss/avatar/avatar_6.png?x-oss-process=image/resize,w_40,limit_0",研发经理,闫先生,10-20K,2019届研究生（Java）
9,北京 朝阳区 来广营,每日优鲜,1000-9999人,D轮及以上,电子商务,本科,5-10年,"https://img.bosszhipin.com/beijin/upload/avatar/20190802/caebb1855f1bea139e6df4b06bd589699be6b613c7fe6c975186f9fe30e4bcc1_s.png?x-oss-process=image/resize,w_40,limit_0",HRBP,苑女士,30-60K,Java
10,北京 朝阳区 呼家楼,支付宝,10000人以上,B轮,移动互联网,本科,5-10年,"https://img.bosszhipin.com/boss/avatar/avatar_6.png?x-oss-process=image/resize,w_40,limit_0",招聘者,张先生,25-50K,Java
11,北京 海淀区 西北旺,中软国际,10000人以上,已上市,计算机软件,本科,经验不限,"https://img.bosszhipin.com/beijin/mcs/useravatar/20161230/e0bd501155c04e7289487222799074bb83cc044b9fb1f3b75498e048dbc3921c_s.jpg?x-oss-process=image/resize,w_40,limit_0",人事,刘女士,15-18K,java
12,北京 海淀区 上地,滴滴出行,1000-9999人,D轮及以上,移动互联网,本科,3-5年,"https://img.bosszhipin.com/beijin/mcs/useravatar/20181105/f099a9706a22bd68dc353effdeadff93c7c1ce0bceccd54289d09303c1e81f88_s.jpg?x-oss-process=image/resize,w_40,limit_0",招聘者,殷先生,20-40K,Java
13,北京 海淀区 中关村,格步科技,1000-9999人,D轮及以上,移动互联网,本科,5-10年,"https://img.bosszhipin.com/beijin/mcs/useravatar/20181115/110e9050509a0040ece6f281ccd4dd484da8c34361ca3b5999e85d9b027aa2c9_s.jpg?x-oss-process=image/resize,w_40,limit_0",Recruiter,李先生,35-60K,Java开发Leader
14,北京 朝阳区 三元桥,恩梯梯数据,1000-9999人,不需要融资,计算机软件,本科,5-10年,"https://img.bosszhipin.com/boss/avatar/avatar_9.png?x-oss-process=image/resize,w_40,limit_0",recruiter,李女士,13-22K·14薪,Senior Java Developer
15,北京 海淀区 西北旺,中科软,10000人以上,已上市,计算机软件,本科,1-3年,"https://img.bosszhipin.com/boss/avatar/avatar_5.png?x-oss-process=image/resize,w_40,limit_0",招聘者,张先生,8-12K,Java
16,北京 朝阳区 十里堡,VIPKID,10000人以上,D轮及以上,移动互联网,本科,3-5年,"https://img.bosszhipin.com/beijin/mcs/useravatar/20180725/b29aea915d1a2e67af8c4ae66a7de3ca79ac389cb4dc112401d236b6ecd38095_s.jpg?x-oss-process=image/resize,w_40,limit_0",,,20-40K·14薪,Java工程师
17,北京 海淀区 西二旗,欧电云,100-499人,C轮,互联网,本科,5-10年,"https://img.bosszhipin.com/beijin/mcs/useravatar/20160715/13864190d71355d14d83093333d4ffd68c7dd922ad47494fc02c388e12c00eac_s.jpg?x-oss-process=image/resize,w_40,limit_0",招聘者,杨先生,20-30K,高级Java工程师
18,北京 朝阳区 亮马桥,宇信科技,1000-9999人,已上市,计算机软件,本科,3-5年,"https://img.bosszhipin.com/beijin/upload/avatar/20190605/f9b284393bc4eabd1324134dc313e9fc37deffbfacf392cf61e262059d075d3a_s.jpg?x-oss-process=image/resize,w_40,limit_0",招聘者,吴女士,10-15K,java 哈银
19,北京 朝阳区 来广营,北京尚德机构,10000人以上,已上市,在线教育,本科,5-10年,"https://img.bosszhipin.com/beijin/mcs/useravatar/20190506/b2f37e35384306681bd28cb1c2572ae5aac4aae85cde64e9a5f5a9ff822d87ab_s.png?x-oss-process=image/resize,w_40,limit_0",HRBP,梁女士,15-20K·15薪,Java
20,北京 朝阳区 高碑店,悦旅汇旅游,20-99人,天使轮,旅游,大专,3-5年,"https://img.bosszhipin.com/boss/avatar/avatar_10.png?x-oss-process=image/resize,w_40,limit_0",人事招聘,骆女士,12-18K,中级java
21,北京 海淀区 上地,云智小橙,100-499人,未融资,计算机软件,大专,3-5年,"https://img.bosszhipin.com/boss/avatar/avatar_16.png?x-oss-process=image/resize,w_40,limit_0",招聘经理,肖先生,11-17K,Java
22,北京 朝阳区 酒仙桥,便利蜂,1000-9999人,不需要融资,互联网,本科,经验不限,"https://img.bosszhipin.com/boss/avatar/avatar_7.png?x-oss-process=image/resize,w_40,limit_0",Java开发工程师,曹先生,25-50K·14薪,Java
23,北京 朝阳区 望京,阿里巴巴集团,10000人以上,不需要融资,互联网,本科,3-5年,"https://img.bosszhipin.com/beijin/mcs/useravatar/20181212/d366dd23af154d66f0a7ba13a9a864366921f671fd8ea87dffdbf4ebd7174242_s.jpg?x-oss-process=image/resize,w_40,limit_0",高级开发工程师,王先生,30-50K·14薪,JAVA
24,北京 东城区 朝阳门,51book,100-499人,B轮,旅游,本科,3-5年,"https://img2.bosszhipin.com/mcs/useravatar/20150616/7a9d29e95a4ae3a2d6ad7f5cffbb0f2bd4afe6335fbd94f426ccf40dc9b5f072_s.jpg?x-oss-process=image/resize,w_40,limit_0",技术总监,陈先生,10-15K,Java
25,北京 海淀区 中关村,北大英华,100-499人,B轮,互联网,本科,5-10年,"https://img.bosszhipin.com/beijin/mcs/useravatar/20170801/e6f1f877eabf4f3f2c034c4c3e0b228d1bc3898e6280556d60f3c9f6634d4fb4_s.jpg?x-oss-process=image/resize,w_40,limit_0",技术总监,余先生,15-30K,Java
26,北京 朝阳区 十里堡,赢时胜软件,1000-9999人,已上市,计算机软件,本科,3-5年,"https://img.bosszhipin.com/boss/avatar/avatar_15.png?x-oss-process=image/resize,w_40,limit_0",招聘主管,钱先生,10-18K,java工程师
27,北京 海淀区 西北旺,北京用友政务,1000-9999人,不需要融资,计算机软件,本科,3-5年,"https://img.bosszhipin.com/beijin/mcs/useravatar/20180906/2db1a061915ca467212214a6315008b93d77c49a8c0ef1ad632dcb902f6733df_s.jpg?x-oss-process=image/resize,w_40,limit_0",员工关系总监,黄女士,15-25K,Java
28,北京 朝阳区 望京,美团点评,10000人以上,已上市,O2O,本科,5-10年,"https://img.bosszhipin.com/boss/avatar/avatar_15.png?x-oss-process=image/resize,w_40,limit_0",研发总监,宋先生,25-50K,Java
29,北京 海淀区 上地,滴滴出行,1000-9999人,D轮及以上,移动互联网,本科,3-5年,"https://img2.bosszhipin.com/boss/avatar/avatar_15.png?x-oss-process=image/resize,w_40,limit_0",,,30-60K,Java
 0,adress,company,company_size,company_statue,company_type,educate,experi,hr_head,hr_job,hr_name,salary,title
0,北京 朝阳区 劲松,中科软,10000人以上,已上市,计算机软件,本科,1-3年,"https://img.bosszhipin.com/boss/avatar/avatar_14.png?x-oss-process=image/resize,w_40,limit_0",项目经理,姬先生,6-11K,Java工程师
1,北京 海淀区 西二旗,百度,10000人以上,已上市,互联网,本科,3-5年,"https://img.bosszhipin.com/beijin/mcs/useravatar/20190407/97fb1ca94795831e5289f1d1d5983643cfcd208495d565ef66e7dff9f98764da_s.jpg?x-oss-process=image/resize,w_40,limit_0",技术经理,白先生,23-40K·15薪,高级Java开发工程师
2,北京 朝阳区 望京,饿了么,10000人以上,不需要融资,O2O,本科,5-10年,"https://img.bosszhipin.com/boss/avatar/avatar_15.png?x-oss-process=image/resize,w_40,limit_0",研发总监,张先生,30-55K·13薪,java专家
3,北京 昌平区 沙河,北京纬创,1000-9999人,不需要融资,计算机软件,本科,3-5年,"https://img.bosszhipin.com/boss/avatar/avatar_14.png?x-oss-process=image/resize,w_40,limit_0",招聘者,李先生,11-20K,Java
4,北京 海淀区 魏公村,北京勤实信息,100-499人,未融资,人力资源服务,本科,3-5年,"https://img.bosszhipin.com/beijin/mcs/useravatar/20190417/02809082e2b6f2ce1fe15b73b38b7bcfcfcd208495d565ef66e7dff9f98764da_s.jpg?x-oss-process=image/resize,w_40,limit_0",招聘者,董女士,13-16K·13薪,java
5,北京 海淀区 中关村,好未来,10000人以上,已上市,互联网,本科,3-5年,"https://img.bosszhipin.com/beijin/upload/avatar/20190625/11f24de2dbff12bde38a309b14c3c053f7000dd07395e35319aba2ba31d2d84a_s.jpg?x-oss-process=image/resize,w_40,limit_0",招聘主管,王女士,15-25K,Java工程师
6,北京 海淀区 西北旺,北京南天,1000-9999人,已上市,计算机软件,本科,3-5年,"https://img.bosszhipin.com/beijin/mcs/useravatar/20180426/56b19f8238d08af20f40daaf7e5adb1b3909b8789d22d5cd37e242d9d0a46de7_s.jpg?x-oss-process=image/resize,w_40,limit_0",部门副经理,杨先生,6-10K,Java
7,北京 海淀区 西二旗,网梯科技发展有限公司,100-499人,D轮及以上,计算机软件,本科,1-3年,"https://img.bosszhipin.com/beijin/mcs/useravatar/20170623/ed4be2c36d7a210ce2eae7d4fc8ac45dc1a6a3be252a3ba202675ef93609e641_s.jpg?x-oss-process=image/resize,w_40,limit_0",人事经理,杨女士,8-12K,Java
8,北京 丰台区 六里桥,中科软,10000人以上,已上市,互联网,本科,1-3年,"https://img.bosszhipin.com/boss/avatar/avatar_6.png?x-oss-process=image/resize,w_40,limit_0",副总经理,刘先生,7-14K,Java
9,北京 海淀区 北下关,中科金审,100-499人,B轮,数据服务,本科,5-10年,"https://img.bosszhipin.com/boss/avatar/avatar_10.png?x-oss-process=image/resize,w_40,limit_0",招聘主管,陈女士,15-25K·13薪,Java
10,北京 海淀区 西三旗,艾融软件,500-999人,已上市,互联网,本科,1-3年,"https://img2.bosszhipin.com/boss/avatar/avatar_15.png?x-oss-process=image/resize,w_40,limit_0",软件,高先生,12-20K,Java
11,北京 海淀区 上地,贝壳找房,10000人以上,D轮及以上,互联网,本科,5-10年,"https://img.bosszhipin.com/beijin/mcs/useravatar/20180522/e8e6ce6744914189d8d349d9000c43365de4b13119f0c53b7fb20091ae793cee_s.jpg?x-oss-process=image/resize,w_40,limit_0",招聘经理,小女士,25-50K,资深JAVA工程师
12,北京 东城区 东直门,中科软,10000人以上,已上市,计算机软件,本科,1-3年,"https://img.bosszhipin.com/boss/avatar/avatar_15.png?x-oss-process=image/resize,w_40,limit_0",项目经理,胡先生,8-13K,Java开发工程师
13,北京 朝阳区 酒仙桥,青麦科技,100-499人,不需要融资,计算机软件,本科,3-5年,"https://img.bosszhipin.com/beijin/mcs/useravatar/20180322/d6e34ddbc30a130efafc436640d9229a9e4e1751f99989a1a9d3e2a0916474dc_s.jpg?x-oss-process=image/resize,w_40,limit_0",人力,张先生,10-16K,Java
14,北京 丰台区 刘家窑,宇信科技,1000-9999人,已上市,计算机软件,本科,5-10年,"https://img.bosszhipin.com/beijin/upload/avatar/20190603/e971241bf190a38625ee2b8cb72ac1f864092391950f8fd8d0dc094591a4f99f_s.png?x-oss-process=image/resize,w_40,limit_0",人力资源助理,贺女士,15-20K,java
15,北京 海淀区 甘家口,易车,1000-9999人,已上市,互联网,本科,3-5年,"https://img.bosszhipin.com/boss/avatar/avatar_6.png?x-oss-process=image/resize,w_40,limit_0",高级总监,董先生,20-30K,Java
16,北京 海淀区 知春路,轩宇信息,100-499人,不需要融资,计算机软件,本科,3-5年,"https://img.bosszhipin.com/beijin/upload/avatar/20190612/bd8768b7c61dc75d5a9908fcdc3df47bef8241aa16b5ede4cb6981a94b06fff8_s.jpg?x-oss-process=image/resize,w_40,limit_0",人力,杨女士,10-15K,Java
17,北京 通州区 北关,金泰亚盛,100-499人,D轮及以上,计算机软件,大专,3-5年,"https://img.bosszhipin.com/beijin/mcs/useravatar/20190121/1eb2cbf36e1d18dc5707ded8390e4049cddb03f830638e4e2e9f9195dec59b2d_s.jpg?x-oss-process=image/resize,w_40,limit_0",招聘主管,王女士,12-16K,Java
18,北京 丰台区 世界公园,金泰亚盛,100-499人,D轮及以上,计算机软件,大专,1-3年,"https://img2.bosszhipin.com/boss/avatar/avatar_12.png?x-oss-process=image/resize,w_40,limit_0",招聘专员,张女士,8-13K,Java工程师
19,北京 海淀区 万柳,宏图远见,20-99人,未融资,计算机软件,本科,3-5年,"https://img.bosszhipin.com/beijin/mcs/useravatar/20160801/fd6364a47b5e2c43911a519b7ab900938c7dd922ad47494fc02c388e12c00eac_s.jpg?x-oss-process=image/resize,w_40,limit_0",HR,贾女士,15-20K,Java
20,北京 海淀区 西北旺,软通动力,10000人以上,已上市,计算机软件,本科,1-3年,"https://img.bosszhipin.com/boss/avatar/avatar_12.png?x-oss-process=image/resize,w_40,limit_0",招聘,王女士,13-16K,java
21,北京 东城区 灯市口,东华博雅,1000-9999人,不需要融资,计算机软件,本科,5-10年,"https://img.bosszhipin.com/beijin/upload/avatar/20190611/8052cde72d6a6b05d966d18383eea7ec4a7a6d9c4e3138e50ac4702beef6a71f_s.jpg?x-oss-process=image/resize,w_40,limit_0",招聘经理,潘女士,15-25K,java工程师
22,北京 西城区 长椿街,北京世纪汇杰,100-499人,不需要融资,计算机软件,本科,3-5年,"https://img.bosszhipin.com/beijin/mcs/useravatar/20190526/00f0cecbd8251c2454d3e0aea9052d7e4eeec58a7348bb1cedde255aa6cd98d3_s.png?x-oss-process=image/resize,w_40,limit_0",HR,黄女士,18-25K,Java
23,北京 朝阳区 酒仙桥,泰洋川禾,100-499人,B轮,音乐/视频/阅读,本科,3-5年,"https://img2.bosszhipin.com/boss/avatar/avatar_7.png?x-oss-process=image/resize,w_40,limit_0",hr,郝女士,15-30K·13薪,JAVA
24,北京 海淀区 西北旺,软通动力,10000人以上,已上市,计算机软件,本科,1-3年,"https://img.bosszhipin.com/beijin/mcs/useravatar/20190702/9800798ace78fe4a354dc955dfb4abc7cfcd208495d565ef66e7dff9f98764da_s.jpg?x-oss-process=image/resize,w_40,limit_0",招聘顾问,钱女士,14-18K,java
25,北京 海淀区 西二旗,快手,1000-9999人,D轮及以上,社交网络,本科,3-5年,"https://img.bosszhipin.com/beijin/mcs/useravatar/20180814/3842e926225bcf98a54a53ffd00b42eaba9ecb2d7bbfc7a07c424b7951846b3b_s.jpg?x-oss-process=image/resize,w_40,limit_0",研发工程师,刘先生,28-55K·16薪,java后端
26,北京 昌平区 沙河,软通动力集团,10000人以上,不需要融资,移动互联网,大专,3-5年,"https://img2.bosszhipin.com/mcs/useravatar/20160225/b5841a467bd1e500cfb8e5663e8f16f28c7dd922ad47494fc02c388e12c00eac_s.jpg?x-oss-process=image/resize,w_40,limit_0",招聘主管,何女士,11-22K,Java
27,北京 朝阳区 朝外,蚂蚁金服,10000人以上,C轮,互联网,本科,3-5年,"https://img.bosszhipin.com/beijin/mcs/useravatar/20180227/ac3981d2d24b92a82a76f662e22e3363da49bedcb6649c222aab094afa213c95_s.jpg?x-oss-process=image/resize,w_40,limit_0",网商银行北京研发中心,刘先生,25-50K,Java测试开发专家
28,北京 朝阳区 百子湾,远行,100-499人,不需要融资,文化/体育/娱乐,本科,3-5年,"https://img.bosszhipin.com/beijin/upload/avatar/20190719/a32c818162afe52d9bddfabc5093d297cfe1060a6256fe1f33f35ca82ea5f149_s.jpg?x-oss-process=image/resize,w_40,limit_0",人力资源总监,刘女士,8-13K,Java
29,北京 朝阳区 常营,鸿特卓博,100-499人,不需要融资,人力资源服务,大专,3-5年,"https://img.bosszhipin.com/beijin/mcs/useravatar/20180611/6fe3d7f90fd11496a877b20c7ea10f0c5cf3f6d9e00c6518a36cfd8d8ea3db64_s.jpg?x-oss-process=image/resize,w_40,limit_0",招聘主管,宋先生,15-30K,Java
 0,adress,company,company_size,company_statue,company_type,educate,experi,hr_head,hr_job,hr_name,salary,title
0,北京 大兴区 亦庄,达达-京东到家,1000-9999人,D轮及以上,O2O,本科,3-5年,"https://img.bosszhipin.com/boss/avatar/avatar_14.png?x-oss-process=image/resize,w_40,limit_0",招聘者,王先生,25-50K,后端Java工程师
1,北京 朝阳区 朝外,东华博雅,1000-9999人,不需要融资,计算机软件,大专,5-10年,"https://img2.bosszhipin.com/boss/avatar/avatar_3.png?x-oss-process=image/resize,w_40,limit_0",Hr,董女士,13-23K,Java
2,北京 朝阳区 豆各庄,日产Nissan,,,,本科,1年以内,"https://img.bosszhipin.com/beijin/mcs/useravatar/20190305/1ccb17ebd26c2b94e7b4e0141432357e9befe1c2b57ffbf4a92c717813e288c5_s.jpg?x-oss-process=image/resize,w_40,limit_0",HR,蒋女士,30-45K,Java
3,北京 海淀区 西北旺,北京用友政务,1000-9999人,不需要融资,计算机软件,本科,3-5年,"https://img.bosszhipin.com/boss/avatar/avatar_7.png?x-oss-process=image/resize,w_40,limit_0",招聘者,赵先生,13-20K,Java
4,北京 朝阳区 十里堡,VIPKID,10000人以上,D轮及以上,移动互联网,本科,3-5年,"https://img.bosszhipin.com/beijin/mcs/useravatar/20160918/aaaa39532cd2ec91db9dece61a728f6b8c7dd922ad47494fc02c388e12c00eac_s.jpg?x-oss-process=image/resize,w_40,limit_0",后端开发工程师,何先生,20-30K·14薪,Java
5,北京 海淀区 万柳,东软睿驰,1000-9999人,A轮,汽车生产,本科,5-10年,"https://img.bosszhipin.com/beijin/mcs/useravatar/20190309/86bb462310216f51e5300e7d9ee38531bbf908a50c1e355cb7a2b2e1252a8c94_s.jpg?x-oss-process=image/resize,w_40,limit_0",,,15-30K,Java资深软件工程师
6,北京 朝阳区 大望路,君凯电子科技有限公司,100-499人,未融资,互联网,大专,3-5年,"https://img2.bosszhipin.com/boss/avatar/avatar_6.png?x-oss-process=image/resize,w_40,limit_0",招聘经理,任先生,14-19K,Java
7,北京 通州区 北关,中软国际,10000人以上,已上市,计算机软件,本科,3-5年,"https://img.bosszhipin.com/beijin/upload/avatar/20190814/2d1dda50b06265521329ed7248c94a64859aa9624110750c267484f4d3790c3f_s.jpg?x-oss-process=image/resize,w_40,limit_0",招聘专员,姜女士,11-20K,Java研发工程师
8,北京 海淀区 五棵松,中国航天科工,10000人以上,未融资,其他行业,本科,3-5年,"https://img.bosszhipin.com/beijin/mcs/useravatar/20190411/28039801ebee5ec71ef0f026bb6dd6e9ef0a93ec95f2d54f251cbc4843f9b749_s.png?x-oss-process=image/resize,w_40,limit_0",项目经理,韦先生,9-14K,Java
9,北京 海淀区 万寿路,北京易联达,100-499人,未融资,计算机软件,本科,经验不限,"https://img.bosszhipin.com/boss/avatar/avatar_6.png?x-oss-process=image/resize,w_40,limit_0",招聘者,吕先生,15-30K,Java
10,北京 海淀区 五道口,明略数据,500-999人,C轮,数据服务,本科,5-10年,"https://img2.bosszhipin.com/boss/avatar/avatar_5.png?x-oss-process=image/resize,w_40,limit_0",人事经理,郭先生,20-40K,Java工程师
11,北京 大兴区 次渠,京东数字科技,1000-9999人,B轮,互联网,本科,5-10年,"https://img.bosszhipin.com/beijin/upload/avatar/20190801/4faf8f640772026b7678118ab0c12f79a64cc8c7fbda009b64385798d4e9f77c_s.jpg?x-oss-process=image/resize,w_40,limit_0",招聘经理,张女士,25-30K,java
12,北京 朝阳区 酒仙桥,58赶集集团,10000人以上,已上市,互联网,本科,1-3年,"https://img.bosszhipin.com/beijin/mcs/useravatar/20180813/75acdb990e04b08e53a61eda17d8ad5acfcd208495d565ef66e7dff9f98764da_s.jpg?x-oss-process=image/resize,w_40,limit_0",招聘者,詹先生,20-30K,Java后台工程师
13,北京 海淀区 四季青,中软国际,10000人以上,已上市,计算机软件,本科,3-5年,"https://img.bosszhipin.com/beijin/upload/avatar/20190616/e0a290ec87ac531a310dd9c5bc767c75cb8e959a63bbea67b0d9685dda3edfd2_s.jpg?x-oss-process=image/resize,w_40,limit_0",招聘专员,宋女士,10-15K,JAVA开发
14,北京 海淀区 上地,百度,10000人以上,已上市,互联网,本科,3-5年,"https://img.bosszhipin.com/boss/avatar/avatar_6.png?x-oss-process=image/resize,w_40,limit_0",hrbp,乔先生,25-50K,java开发工程师
15,北京 朝阳区 东大桥,美菜网,10000人以上,D轮及以上,移动互联网,本科,3-5年,"https://img.bosszhipin.com/beijin/mcs/useravatar/20180401/c85eaa4e0867a37e714bef9fb2edc8e4d5fbcb513146bbc6fed59a7b22ed85ac_s.jpg?x-oss-process=image/resize,w_40,limit_0",HRBP,何女士,20-40K,Java高级工程师
16,北京 朝阳区 望京,阿里巴巴集团,10000人以上,不需要融资,互联网,本科,3-5年,"https://img.bosszhipin.com/boss/avatar/avatar_5.png?x-oss-process=image/resize,w_40,limit_0",研发,戎先生,20-40K,高级Java工程师
17,北京 朝阳区 太阳宫,好未来,10000人以上,已上市,互联网,本科,5-10年,"https://img.bosszhipin.com/boss/avatar/avatar_15.png?x-oss-process=image/resize,w_40,limit_0",架构师,闫先生,20-40K,Java架构师（业务系统方向）
18,北京 朝阳区 望京,阿里巴巴零售通,10000人以上,不需要融资,互联网,本科,5-10年,"https://img2.bosszhipin.com/boss/avatar/avatar_7.png?x-oss-process=image/resize,w_40,limit_0",高级技术专家,太先生,30-50K·15薪,java高级专家
19,北京 海淀区 紫竹桥,京北方,10000人以上,未融资,互联网金融,本科,5-10年,"https://img.bosszhipin.com/beijin/upload/avatar/20190731/d48d49c23a6c44b5373953a3ab674226180936ab4b84aaea30c483f81c8d737a_s.jpg?x-oss-process=image/resize,w_40,limit_0",HR,韩女士,15-20K,高级Java工程师
20,北京 昌平区 沙河,中软国际,10000人以上,已上市,计算机软件,本科,3-5年,"https://img.bosszhipin.com/beijin/mcs/useravatar/20181023/a075748aa1fdb1e7a6f72b10584be05b43e6a66e91bb400168d833d1fda7174b_s.jpg?x-oss-process=image/resize,w_40,limit_0",招聘者,高女士,11-19K,JAVA
21,北京 大兴区 次渠,京东集团,10000人以上,已上市,电子商务,本科,5-10年,"https://img.bosszhipin.com/beijin/mcs/useravatar/20170524/85389079942bc7496e43111023fb9b904641826f64456ef353ad2c2d6f0f9cc1_s.jpg?x-oss-process=image/resize,w_40,limit_0",高级研发经理,武先生,20-35K·14薪,Java高级工程师
22,北京  ,支付宝,10000人以上,B轮,移动互联网,本科,5-10年,"https://img.bosszhipin.com/boss/avatar/avatar_6.png?x-oss-process=image/resize,w_40,limit_0",招聘者,张先生,30-60K,Java专家
23,北京 西城区 长椿街,云智小橙,100-499人,未融资,计算机软件,本科,5-10年,"https://img.bosszhipin.com/boss/avatar/avatar_16.png?x-oss-process=image/resize,w_40,limit_0",招聘经理,肖先生,11-18K,Java（国网）
24,北京 朝阳区 定福庄,好大夫在线,500-999人,D轮及以上,移动互联网,本科,应届生,"https://img.bosszhipin.com/beijin/mcs/useravatar/20181129/cfa0bfa75411386c9789038c025b1b9a154ada971dc77738b98320e65e9b8047_sg.jpg?x-oss-process=image/resize,w_40,limit_0",HR,张先生,12-20K,Java工程师
25,北京 朝阳区 安贞,文思海辉·金融,10000人以上,不需要融资,计算机软件,本科,1-3年,"https://img.bosszhipin.com/beijin/mcs/useravatar/20190603/18836976affad6f472bc7218166d2b788efec2144f24d56f784013cc3befdfaa_s.jpg?x-oss-process=image/resize,w_40,limit_0",PTA,史女士,8-12K,java
26,北京 朝阳区 望京,阿里-高德,1000-9999人,未融资,互联网,本科,3-5年,"https://img.bosszhipin.com/boss/avatar/avatar_15.png?x-oss-process=image/resize,w_40,limit_0",高级java工程师,李先生,20-35K,高级Java
27,北京 丰台区 科技园区,北京数字通,100-499人,未融资,计算机软件,本科,3-5年,"https://img.bosszhipin.com/boss/avatar/avatar_1.png?x-oss-process=image/resize,w_40,limit_0",HR,江女士,8-15K,Java
28,北京 朝阳区 太阳宫,Boss直聘,1000-9999人,D轮及以上,人力资源服务,本科,3-5年,"https://img2.bosszhipin.com/mcs/useravatar/20160318/97581852ce6e9b1c94689dfe5e74739f8c7dd922ad47494fc02c388e12c00eac_s.jpg?x-oss-process=image/resize,w_40,limit_0",技术vp,陆先生,20-40K,Java(CRM)
29,北京 朝阳区 酒仙桥,文思海辉技术有限公司,10000人以上,不需要融资,计算机软件,本科,3-5年,"https://img.bosszhipin.com/beijin/mcs/useravatar/20190306/a1d97b929741e878032b45941e612f26828f2cb9adb2d692db3e416e5ec57589_s.jpg?x-oss-process=image/resize,w_40,limit_0",高级招聘专员,吴女士,14-22K,Java
 0,adress,company,company_size,company_statue,company_type,educate,experi,hr_head,hr_job,hr_name,salary,title
0,北京 海淀区 中关村,海洋环球,10000人以上,不需要融资,咨询,本科,3-5年,"https://img.bosszhipin.com/beijin/mcs/useravatar/20180417/0f9a3a704ca01e6c0a701043be0d4776c95be4ee1587a95a0837279c0fe6fd06_s.jpg?x-oss-process=image/resize,w_40,limit_0",产品经理,汪先生,15-30K,Java(兼职)
1,北京 海淀区 上地,快手,1000-9999人,D轮及以上,社交网络,本科,1-3年,"https://img.bosszhipin.com/beijin/mcs/useravatar/20161206/6b6d923fcf7d4f66db76acf3f92ccefe3c0e2ec91455aa52c75c4954e84cf326_s.jpg?x-oss-process=image/resize,w_40,limit_0",HR,张女士,20-40K,Java
2,北京 朝阳区 望京,阿里巴巴集团,10000人以上,不需要融资,互联网,本科,5-10年,"https://img.bosszhipin.com/boss/avatar/avatar_13.png?x-oss-process=image/resize,w_40,limit_0",java研发,杨先生,18-28K,Java研发
3,北京 海淀区 双榆树,好未来,10000人以上,已上市,互联网,本科,3-5年,"https://img.bosszhipin.com/beijin/mcs/useravatar/20180730/8b6148d08965356e6f3269101425a196cfcd208495d565ef66e7dff9f98764da_s.jpg?x-oss-process=image/resize,w_40,limit_0",招聘者,罗先生,20-30K,Java
4,北京  ,信云领创,0-20人,不需要融资,数据服务,本科,3-5年,"https://img.bosszhipin.com/boss/avatar/avatar_3.png?x-oss-process=image/resize,w_40,limit_0",人事经理,吴女士,15-25K,Java
5,北京 海淀区 西三旗,软通动力,10000人以上,已上市,计算机软件,本科,3-5年,"https://img.bosszhipin.com/beijin/upload/avatar/20190702/0e879637022f7e50a2e4eef817e32ee7cdc0fe145ca4ae45657bf617c5e6d3a0_s.png?x-oss-process=image/resize,w_40,limit_0",招聘顾问,操女士,13-18K,java（银行项目）
6,北京 海淀区 西北旺,北京瑞友科技,1000-9999人,不需要融资,计算机软件,本科,3-5年,"https://img.bosszhipin.com/beijin/mcs/useravatar/20180422/9d1bd7cff0b4d9d0302637b9576fd6aa38fec3928f0e272196916ab2519edfbd_s.jpg?x-oss-process=image/resize,w_40,limit_0",中人力HR,侯女士,13-25K,java
7,北京 海淀区 西北旺,联想利泰,1000-9999人,已上市,移动互联网,本科,5-10年,"https://img.bosszhipin.com/beijin/upload/avatar/20190725/f7de4273113d7e1a587a94bea039960b08e3904f15c347482a9f136dce48b868_s.jpg?x-oss-process=image/resize,w_40,limit_0",人事专员,高女士,16-21K,Java
8,北京 朝阳区 望京,天猫,1000-9999人,已上市,互联网,本科,3-5年,"https://img2.bosszhipin.com/boss/avatar/avatar_5.png?x-oss-process=image/resize,w_40,limit_0",招聘者,刘先生,25-45K·16薪,Java
9,北京 昌平区 小汤山,中电启明星,1000-9999人,不需要融资,计算机软件,本科,3-5年,"https://img.bosszhipin.com/beijin/mcs/useravatar/20180614/a89232656b883f732918bcb7522ac7233067f98452f9a37a98340eaf368907af_s.jpg?x-oss-process=image/resize,w_40,limit_0",部门主管,万先生,8-15K,Java
10,北京 朝阳区 三元桥,金邦达有限公司,1000-9999人,已上市,信息安全,本科,3-5年,"https://img.bosszhipin.com/beijin/mcs/useravatar/20161125/87b45c79761efecf20822cb24c789483cde2a57fa036104ab2510bffce2433aa_s.jpg?x-oss-process=image/resize,w_40,limit_0",招聘主管,刘女士,12-18K,Java
11,北京 朝阳区 酒仙桥,深得,500-999人,不需要融资,企业服务,本科,5-10年,"https://img.bosszhipin.com/beijin/mcs/useravatar/20160926/20e29600d98042686f8d6ae54b5dca3e08ac36eb8d257084297b9638a9aeea34_s.jpg?x-oss-process=image/resize,w_40,limit_0",人事专员,马女士,20-35K,java
12,北京 朝阳区 酒仙桥,瓜子二手车直卖网,10000人以上,D轮及以上,分类信息,本科,5-10年,"https://img.bosszhipin.com/beijin/mcs/useravatar/20190402/06aed08e1cd51ad87143ed7c4aa0abd1cfcd208495d565ef66e7dff9f98764da_s.jpg?x-oss-process=image/resize,w_40,limit_0",HR,张先生,40-70K·15薪,资深Java
13,北京 海淀区 西北旺,北京瑞友科技,1000-9999人,不需要融资,计算机软件,本科,1-3年,"https://img.bosszhipin.com/beijin/upload/avatar/20190802/73fc11b8bc43198dfb9ef0496f58d3fbde7505a1cf19fd20aed47616946031f0_s.png?x-oss-process=image/resize,w_40,limit_0",招聘专员,陈女士,11-22K,Java
14,北京 西城区 月坛,北京知行益联,,,,本科,5-10年,"https://img.bosszhipin.com/beijin/mcs/useravatar/20180709/1af3b3b56bdbbaf1ba9fc0eea36defa4cfcd208495d565ef66e7dff9f98764da_s.jpg?x-oss-process=image/resize,w_40,limit_0",招聘者,张先生,14-18K,Java
15,北京 朝阳区 东坝,中科软,10000人以上,已上市,计算机软件,本科,3-5年,"https://img.bosszhipin.com/boss/avatar/avatar_5.png?x-oss-process=image/resize,w_40,limit_0",项目经理,程先生,8-13K,Java
16,北京 大兴区 亦庄,京东集团,10000人以上,已上市,电子商务,本科,5-10年,"https://img.bosszhipin.com/beijin/mcs/useravatar/20170824/b05372d5058c18dcc98eb1b6848f5fbfb4c418e5c6f02740f98cdc1159a60494_s.jpg?x-oss-process=image/resize,w_40,limit_0",招聘者,张先生,28-35K,Java
17,北京 海淀区 上地,宇信科技,1000-9999人,已上市,计算机软件,本科,3-5年,"https://img.bosszhipin.com/beijin/upload/avatar/20190603/e971241bf190a38625ee2b8cb72ac1f864092391950f8fd8d0dc094591a4f99f_s.png?x-oss-process=image/resize,w_40,limit_0",人力资源助理,贺女士,13-20K,java
18,北京 海淀区 魏公村,数洋智慧,100-499人,不需要融资,数据服务,本科,5-10年,"https://img.bosszhipin.com/beijin/mcs/useravatar/20160709/499aba7c1bf5b5924850b68be6f62555b4957c2caae9fb845ea114f3c9a32f3f_s.jpg?x-oss-process=image/resize,w_40,limit_0",总经理,朱先生,13-26K,Java
19,北京 朝阳区 酒仙桥,瓜子二手车直卖网,10000人以上,D轮及以上,分类信息,本科,3-5年,"https://img.bosszhipin.com/boss/avatar/avatar_15.png?x-oss-process=image/resize,w_40,limit_0",高级研发,郭先生,20-35K,Java
20,北京 昌平区 回龙观,中审华会计师事务所,1000-9999人,未融资,企业服务,本科,3-5年,"https://img.bosszhipin.com/beijin/mcs/useravatar/20161205/53c023e86cf577be26821b0c199d922505ca9ce1e397c5ad222443b41328063a_s.jpg?x-oss-process=image/resize,w_40,limit_0",招聘者,王先生,9-14K,Java
21,北京 西城区 虎坊桥,北京国通合众信息技术,500-999人,不需要融资,互联网金融,本科,3-5年,"https://img.bosszhipin.com/boss/avatar/avatar_7.png?x-oss-process=image/resize,w_40,limit_0",招聘专员,周先生,10-15K·14薪,Java
22,北京 朝阳区 望京,马上消费金融,1000-9999人,不需要融资,互联网金融,本科,5-10年,"https://img2.bosszhipin.com/boss/avatar/avatar_13.png?x-oss-process=image/resize,w_40,limit_0",技术经理,朱先生,20-40K,Java
23,北京 海淀区 马连洼,文思海辉·金融,10000人以上,不需要融资,计算机软件,本科,3-5年,"https://img.bosszhipin.com/boss/avatar/avatar_15.png?x-oss-process=image/resize,w_40,limit_0",招聘者,魏女士,11-16K,中级Java
24,北京 海淀区 中关村,软通动力,10000人以上,已上市,计算机软件,学历不限,3-5年,"https://img.bosszhipin.com/beijin/mcs/useravatar/20190409/ea8d201d54973f5c5ac2dc5a5637abe33ab4592d87167794fb63301555bc0a62_s.png?x-oss-process=image/resize,w_40,limit_0",招聘者,李女士,10-15K,Java
25,北京 朝阳区 太阳宫,看准网,1000-9999人,D轮及以上,人力资源服务,本科,3-5年,"https://img.bosszhipin.com/beijin/upload/avatar/20190813/bc29c81fef762903cc815cc3d5958d1a298923c8190045e91288b430794814c4_s.jpg?x-oss-process=image/resize,w_40,limit_0",Java研发工程师,果先生,25-45K·16薪,Java
26,北京 海淀区 上地,方正电子,10000人以上,已上市,互联网,硕士,经验不限,"https://img2.bosszhipin.com/boss/avatar/avatar_6.png?x-oss-process=image/resize,w_40,limit_0",研发经理,闫先生,3-6K,Java实习生
27,北京 海淀区 人民大学,柯莱特集团,1000-9999人,已上市,计算机软件,本科,5-10年,"https://img.bosszhipin.com/beijin/upload/avatar/20190802/e5735ef28f314d199909d4709ab45f2d6d159d8bf7c2bf64777062d3a4af2bcf_s.png?x-oss-process=image/resize,w_40,limit_0",HR,吕女士,17-22K,高级JAVA
28,北京 朝阳区 太阳宫,Boss直聘,1000-9999人,D轮及以上,人力资源服务,硕士,3-5年,"https://img.bosszhipin.com/beijin/mcs/useravatar/20190201/962f865a26a4bcf905a47fe2901b510c9749d8ced41bf4fba2e6c94c5ff3a2d9_s.png?x-oss-process=image/resize,w_40,limit_0",工程师,张先生,9-10K,资深Java工程师
29,北京 西城区 金融街,昆山华信,500-999人,不需要融资,计算机软件,本科,3-5年,"https://img.bosszhipin.com/beijin/mcs/useravatar/20190228/9fc3c20619d5a3b52b1b6a2065f9da8ef669e90b809fb2390dea89fc50819a16_s.png?x-oss-process=image/resize,w_40,limit_0",招聘者,汪女士,12-18K,Java
 0,adress,company,company_size,company_statue,company_type,educate,experi,hr_head,hr_job,hr_name,salary,title
0,北京 朝阳区 望京,阿里云,1000-9999人,已上市,互联网,本科,3-5年,"https://img.bosszhipin.com/beijin/mcs/useravatar/20180808/26f61b3c1e3c2a22650d3a3dc95c481f5e121b3bfe6d8c397d2c1cbfe0061e8f_s.jpg?x-oss-process=image/resize,w_40,limit_0",招聘者,贾先生,25-50K,Java
1,北京 海淀区 上地,阿里巴巴集团,10000人以上,不需要融资,互联网,本科,5-10年,"https://img.bosszhipin.com/beijin/upload/avatar/20190626/16b34dc2cdd061db9a61d2387c82d33b9476034dfeea57293060b860ecd9cd10_s.jpg?x-oss-process=image/resize,w_40,limit_0",java开发,赵女士,25-35K,饿了么java架构师
2,北京  ,宇信科技,1000-9999人,已上市,计算机软件,本科,3-5年,"https://img.bosszhipin.com/beijin/mcs/useravatar/20180408/5f00a1310e713b8cbef2353493c3553f8261b2694e26bc7a266d424a03fa2f9f_s.jpg?x-oss-process=image/resize,w_40,limit_0",北部大区hr,金女士,12-18K,java工程师
3,北京 海淀区 马连洼,滴滴出行,1000-9999人,D轮及以上,移动互联网,本科,3-5年,"https://img.bosszhipin.com/boss/avatar/avatar_14.png?x-oss-process=image/resize,w_40,limit_0",java开发工程师,李先生,15-30K,Java
4,北京 海淀区 西二旗,筑龙,100-499人,不需要融资,计算机软件,本科,3-5年,"https://img.bosszhipin.com/beijin/upload/avatar/20190808/a9b3e0f296936ad0a9c261334223400e674127270f96ef6117f69aa649c9817b_s.png?x-oss-process=image/resize,w_40,limit_0",人力资源经理,李女士,12-20K,Java中级工程师
5,北京 朝阳区 望京,阿里巴巴集团,10000人以上,不需要融资,互联网,本科,1-3年,"https://img2.bosszhipin.com/boss/avatar/avatar_15.png?x-oss-process=image/resize,w_40,limit_0",高级开发工程师,羽先生,15-25K,JAVA 工程师
6,北京 朝阳区 太阳宫,老虎集团,100-499人,已上市,互联网,本科,3-5年,"https://img.bosszhipin.com/beijin/mcs/useravatar/20170918/c31293a6e65275ca0006f9e579d4e83031ccd61550771cbd6a131e9a6c75c95a_s.jpg?x-oss-process=image/resize,w_40,limit_0",招聘经理,田先生,25-45K·14薪,Java工程师
7,北京 海淀区 上地,滴滴在线（北京）...,,,,本科,3-5年,"https://img.bosszhipin.com/beijin/mcs/useravatar/20170731/2d6c363c88749cf7fe12c8bbd363cd0d8c7dd922ad47494fc02c388e12c00eac_s.jpg?x-oss-process=image/resize,w_40,limit_0",招聘者,司先生,20-30K,Java
8,北京 朝阳区 小营,爱空间,1000-9999人,C轮,互联网,本科,5-10年,"https://img.bosszhipin.com/beijin/mcs/useravatar/20160406/199d2d81c990c5de8a2643604959d3878c7dd922ad47494fc02c388e12c00eac_s.jpg?x-oss-process=image/resize,w_40,limit_0",招聘主管,户先生,15-30K,Java
9,北京 朝阳区 望京,阿里巴巴集团,10000人以上,不需要融资,互联网,本科,5-10年,"https://img2.bosszhipin.com/boss/avatar/avatar_6.png?x-oss-process=image/resize,w_40,limit_0",软件工程师,徐先生,30-50K,Java
10,北京 海淀区 知春路,恒润科技,1000-9999人,未融资,其他行业,硕士,1-3年,"https://img.bosszhipin.com/beijin/upload/avatar/20190809/eab6430ab9948ff3026811d6592fa2f8058b3f43b37f7e790304f12772ecf471_s.png?x-oss-process=image/resize,w_40,limit_0",HR,杨女士,12-20K,JAVA软件工程师
11,北京 海淀区 清河,联信永通,20-99人,天使轮,计算机软件,本科,3-5年,"https://img.bosszhipin.com/boss/avatar/avatar_7.png?x-oss-process=image/resize,w_40,limit_0",招聘者,王先生,15-28K,Java
12,北京 昌平区 北七家,权大师,100-499人,A轮,企业服务,本科,5-10年,"https://img.bosszhipin.com/beijin/mcs/useravatar/20181212/83bf53b86472ceb9f4df5a76e8d7ba38cfcd208495d565ef66e7dff9f98764da_s.jpg?x-oss-process=image/resize,w_40,limit_0",HR主管,郭女士,20-28K,高级JAVA
13,北京 朝阳区 望京,阿里健康,500-999人,已上市,移动互联网,本科,3-5年,"https://img.bosszhipin.com/beijin/mcs/useravatar/20180312/5a891293e7f4ab3edadbeb39e57d6d739de34febbc5255b3ac65f0b77e33be11_s.jpg?x-oss-process=image/resize,w_40,limit_0",资深技术总监,张先生,20-40K,Java
14,北京 丰台区 科技园区,中科软,10000人以上,已上市,计算机软件,本科,3-5年,"https://img.bosszhipin.com/beijin/mcs/useravatar/20180508/fdff44d0baa2885ae71619f26aeb766fcfcd208495d565ef66e7dff9f98764da_s.jpg?x-oss-process=image/resize,w_40,limit_0",高级项目经理,张先生,10-15K·13薪,JAVA软件工程师
15,北京 朝阳区 望京,小药药,1000-9999人,C轮,医疗健康,本科,10年以上,"https://img2.bosszhipin.com/mcs/useravatar/20160218/5e1c08c2cdea2600436ef58c78e5f9ccbff09465bf35a8fdb489e03b88329727_s.jpg?x-oss-process=image/resize,w_40,limit_0",招聘者,赵女士,30-45K,架构师（java）
16,北京 丰台区 科技园区,北京道迩,100-499人,不需要融资,计算机软件,本科,3-5年,"https://img.bosszhipin.com/boss/avatar/avatar_8.png?x-oss-process=image/resize,w_40,limit_0",项目经理,孙先生,11-16K,Java
17,北京 东城区 和平里,元拓科技,100-499人,不需要融资,计算机软件,本科,1-3年,"https://img.bosszhipin.com/beijin/mcs/useravatar/20180406/a7b3800f4e0f0f1cd204eae55871fec72a944bd1b7dadc5ef4158449f06bd05d_s.jpg?x-oss-process=image/resize,w_40,limit_0",招聘者,尹女士,8-11K,Java
18,北京 海淀区 人民大学,北京南天,1000-9999人,已上市,计算机软件,本科,3-5年,"https://img.bosszhipin.com/boss/avatar/avatar_1.png?x-oss-process=image/resize,w_40,limit_0",招聘者,李女士,11-21K,Java
19,北京 海淀区 上地,宇信科技,1000-9999人,已上市,计算机软件,本科,3-5年,"https://img.bosszhipin.com/beijin/mcs/useravatar/20180913/2cda7b32a4cdbbfd0750316e79e64cd655dbcf23c673384147623230184970ac_s.jpg?x-oss-process=image/resize,w_40,limit_0",招聘主管,周女士,13-18K,Java开发工程师-西二旗
20,北京  ,社区半径,20-99人,不需要融资,移动互联网,本科,3-5年,"https://img.bosszhipin.com/beijin/mcs/useravatar/20180420/09a7abe0fc4f81eca526712a1aad582d2e7de2925ac2948c7ad726130fa01cf5_s.jpg?x-oss-process=image/resize,w_40,limit_0",人力资源经理,底女士,12-24K,Java
21,北京 朝阳区 奥运村,创世比特(北京),20-99人,未融资,移动互联网,本科,应届生,"https://img.bosszhipin.com/beijin/mcs/chatphoto/20170418/145755f2cf6e01585a6cf94aa0c0f06d8fd6393b562dea41fa6b4abf9801101d_s.jpg?x-oss-process=image/resize,w_40,limit_0",行政,谷女士,7-10K,Java
22,北京 海淀区 牡丹园,华章世纪,,,,本科,3-5年,"https://img.bosszhipin.com/beijin/mcs/useravatar/20180730/82aefcba4559f3702e7635fc1f0b67cf230fd865f9460bcfae67e69ec3c59b81_s.jpg?x-oss-process=image/resize,w_40,limit_0",HR主管,董女士,20-28K,高级JAVA程序员
23,北京 海淀区 西三旗,小米,10000人以上,已上市,互联网,本科,3-5年,"https://img.bosszhipin.com/boss/avatar/avatar_12.png?x-oss-process=image/resize,w_40,limit_0",HR,刘女士,23-46K,高级java工程师
24,北京 昌平区 霍营,联创思源,20-99人,未融资,智能硬件,本科,3-5年,"https://img2.bosszhipin.com/mcs/useravatar/20150927/ac12f607e29fdb286013290b89704a8569b4cd4fe1e7979bc7bc6f2804ee614b_s.jpg?x-oss-process=image/resize,w_40,limit_0",部门经理,彭先生,9-13K,Java 中级工程师
25,北京  ,中科软,10000人以上,已上市,计算机软件,本科,1-3年,"https://img.bosszhipin.com/beijin/mcs/useravatar/20180226/d3186ddece7772c11760a9a64d87455cc58bc0aaeaef78ee43abba3898f8b530_s.jpg?x-oss-process=image/resize,w_40,limit_0",高级项目经理,张先生,6-11K,Java
26,北京 海淀区 西三旗,国科政信,100-499人,已上市,数据服务,本科,3-5年,"https://img.bosszhipin.com/beijin/mcs/useravatar/20190421/90230d1025c57262ab56a8342f6251f750b07ef0832d6945a2ed9fd903a9fe65_s.png?x-oss-process=image/resize,w_40,limit_0",招聘经理,王女士,15-20K,Java高级工程师
27,北京  ,红旗智行,10000人以上,未融资,O2O,本科,5-10年,"https://img.bosszhipin.com/beijin/mcs/useravatar/20190122/c3ed2765ef90c6108dd3307483eedd0acfcd208495d565ef66e7dff9f98764da_s.jpg?x-oss-process=image/resize,w_40,limit_0",Recruiter,于女士,35-40K,Java架构师
28,北京 昌平区 北七家,铁牛科技,0-20人,不需要融资,移动互联网,本科,应届生,"https://img2.bosszhipin.com/mcs/useravatar/20150828/2b33916dced0840a453ef1ee1ddb3997f8295e3a44890aa1d3ce9d6ce14570e7_s.jpg?x-oss-process=image/resize,w_40,limit_0",总经理,牛先生,4-8K,Java
29,北京 朝阳区 太阳宫,Boss直聘,1000-9999人,D轮及以上,人力资源服务,本科,3-5年,"https://img.bosszhipin.com/beijin/mcs/useravatar/20180611/e654e8d59b6771ada2e4122bc3c6d373dd619f19cc1305dfb864f57fa7ea18dd_s.jpg?x-oss-process=image/resize,w_40,limit_0",HRBP,秋女士,25-40K·16薪,高级JAVA工程师
 0,adress,company,company_size,company_statue,company_type,educate,experi,hr_head,hr_job,hr_name,salary,title
0,北京 海淀区 中关村,有利网,10000人以上,不需要融资,互联网金融,本科,3-5年,"https://img.bosszhipin.com/beijin/mcs/useravatar/20180312/b9a4cdee16fbc6293519b2c0c71a7c6a8efe74615093426f5f19009ff3d326de_s.jpg?x-oss-process=image/resize,w_40,limit_0",招聘经理,张女士,20-35K,中级JAVA
1,北京 海淀区 马连洼,百度,10000人以上,已上市,互联网,本科,3-5年,"https://img.bosszhipin.com/boss/avatar/avatar_9.png?x-oss-process=image/resize,w_40,limit_0",HR,李女士,15-30K,JAVA
2,北京 朝阳区 望京,阿里巴巴集团,10000人以上,不需要融资,互联网,本科,3-5年,"https://img.bosszhipin.com/boss/avatar/avatar_13.png?x-oss-process=image/resize,w_40,limit_0",java研发,杨先生,18-26K,Java
3,北京 海淀区 中关村,中科院自动化所,1000-9999人,不需要融资,其他行业,硕士,经验不限,"https://img2.bosszhipin.com/boss/avatar/avatar_6.png?x-oss-process=image/resize,w_40,limit_0",,,13-26K,Java
4,北京 海淀区 人民大学,中科软,10000人以上,已上市,计算机软件,本科,1-3年,"https://img.bosszhipin.com/beijin/mcs/useravatar/20170322/baddc834095f1a8e342375223d790c491d1616a6dd994870b86373c89292645d_s.jpg?x-oss-process=image/resize,w_40,limit_0",项目经理,严先生,7-12K·13薪,java开发
5,北京 朝阳区 酒仙桥,瓜子二手车直卖网,10000人以上,D轮及以上,分类信息,本科,1年以内,"https://img.bosszhipin.com/beijin/upload/avatar/20190815/11af87cecb5764b3e439fbf3c1ccbd2976e52490750cfeb35750ba8298e65e7a_s.jpg?x-oss-process=image/resize,w_40,limit_0",TL,黄先生,35-55K,Java
6,北京 海淀区 魏公村,京北方,10000人以上,未融资,互联网金融,本科,3-5年,"https://img.bosszhipin.com/boss/avatar/avatar_9.png?x-oss-process=image/resize,w_40,limit_0",招聘专员,姜女士,12-18K,Java
7,北京 海淀区 上地,小米,10000人以上,已上市,互联网,本科,3-5年,"https://img.bosszhipin.com/beijin/mcs/useravatar/20180303/fd8e49d73341fc859e0806050b02350bcfcd208495d565ef66e7dff9f98764da_s.jpg?x-oss-process=image/resize,w_40,limit_0",高级软件工程师,史先生,20-40K,Java
8,北京  ,中科软科技,10000人以上,已上市,互联网金融,本科,3-5年,"https://img.bosszhipin.com/beijin/mcs/useravatar/20190812/80cf96728625c70cc4393c86868026c9cfcd208495d565ef66e7dff9f98764da_s.jpg?x-oss-process=image/resize,w_40,limit_0",项目经理,高女士,8-13K,Java
9,北京 朝阳区 望京,阿里巴巴集团,10000人以上,不需要融资,互联网,本科,3-5年,"https://img.bosszhipin.com/boss/avatar/avatar_15.png?x-oss-process=image/resize,w_40,limit_0",Android架构师,李女士,20-40K·16薪,java
10,北京 东城区 东单,衣二三,500-999人,D轮及以上,互联网,本科,5-10年,"https://img.bosszhipin.com/boss/avatar/avatar_6.png?x-oss-process=image/resize,w_40,limit_0",架构师,王先生,30-40K,Java
11,北京 朝阳区 望京,尚德机构,10000人以上,已上市,互联网,本科,3-5年,"https://img.bosszhipin.com/beijin/mcs/useravatar/20161109/aab5333635bd76f09e30b9554326f4348c7dd922ad47494fc02c388e12c00eac_s.jpg?x-oss-process=image/resize,w_40,limit_0",尚德研发中心HRBP,肖先生,20-40K,Java
12,北京 朝阳区 东大桥,宜车时代/宜买车,500-999人,B轮,互联网,本科,3-5年,"https://img.bosszhipin.com/boss/avatar/avatar_14.png?x-oss-process=image/resize,w_40,limit_0",招聘者,王先生,25-50K,Java
13,北京 朝阳区 朝外,支付宝,10000人以上,B轮,移动互联网,本科,5-10年,"https://img.bosszhipin.com/beijin/mcs/useravatar/20190219/d79814c93ba5d5bd452d31c4e5d96b03f4aedcfa5f735ce30408bb4d1a9e8115_s.png?x-oss-process=image/resize,w_40,limit_0",技术专家,李先生,25-50K,Java专家/高级专家
14,北京 昌平区 回龙观,大连华信计算机,1000-9999人,已上市,计算机软件,本科,3-5年,"https://img.bosszhipin.com/boss/avatar/avatar_1.png?x-oss-process=image/resize,w_40,limit_0",招聘专员,白女士,9-11K,JAVA
15,北京 朝阳区 大望路,高德地图,1000-9999人,已上市,互联网,本科,3-5年,"https://img.bosszhipin.com/beijin/mcs/useravatar/20190106/055ef1dfb9fcb1fa99b4ce1d4329568962b1b5376f360f6b232cfe45f2d12f2d_s.jpg?x-oss-process=image/resize,w_40,limit_0",技术专家,刘先生,25-45K,Java
16,北京 海淀区 魏公村,东奥教育集团,1000-9999人,不需要融资,在线教育,本科,3-5年,"https://img.bosszhipin.com/boss/avatar/avatar_6.png?x-oss-process=image/resize,w_40,limit_0",技术经理,王先生,15-25K,Java
17,北京 东城区 雍和宫,VIPKID,10000人以上,D轮及以上,移动互联网,本科,3-5年,"https://img.bosszhipin.com/beijin/mcs/useravatar/20170330/2bd8ccb675a391db79b598d463d6b4d727ec1e00e1a50b0978ee6318dc948251_s.jpg?x-oss-process=image/resize,w_40,limit_0",研发,熊先生,30-50K,java 工程师
18,北京 东城区 雍和宫,中科软,10000人以上,已上市,计算机软件,本科,3-5年,"https://img.bosszhipin.com/beijin/mcs/useravatar/20190305/d732095dac064850ca0495c477a1132aa6b2d028f3b7be8203f4e4fd59a542f3_s.png?x-oss-process=image/resize,w_40,limit_0",副总裁,刘先生,8-15K,Java
19,北京 海淀区 西北旺,北京瑞友科技,1000-9999人,不需要融资,互联网,本科,3-5年,"https://img2.bosszhipin.com/mcs/useravatar/20150721/143afa4880e3d3cd1ac5d2713e1bf57dc70e8f6df6811ff4a48c61cd07cddc1d_s.jpg?x-oss-process=image/resize,w_40,limit_0",招聘经理,赵先生,12-20K,Java
20,北京 朝阳区 望京,阿里巴巴集团,10000人以上,不需要融资,互联网,本科,3-5年,"https://img.bosszhipin.com/beijin/mcs/useravatar/20170814/cf2204bd2807e05074f11c2ad0aaeb660b26d087527bfb44ad318bb473c415f8_s.jpg?x-oss-process=image/resize,w_40,limit_0",高级技术专家,吴先生,20-40K,java工程师
21,北京 朝阳区 小营,中信百信银行,500-999人,不需要融资,银行,本科,1年以内,"https://img.bosszhipin.com/beijin/mcs/useravatar/20190519/15ea9849463810b0016755fa89f041137f8ef8642a3a55795fbe2e84f0680d1e_s.jpg?x-oss-process=image/resize,w_40,limit_0",PaaS平台架构师,董先生,30-50K,Java
22,北京 大兴区 亦庄,达达-京东到家,1000-9999人,D轮及以上,O2O,本科,1-3年,"https://img.bosszhipin.com/beijin/mcs/useravatar/20160613/fcb88127daeae1bc30fbd797828018f61e634064179d3d1b08923d3ad98f3260_s.jpg?x-oss-process=image/resize,w_40,limit_0",技术经理,周先生,15-30K,Java
23,北京  ,宇信科技,1000-9999人,已上市,计算机软件,本科,1-3年,"https://img.bosszhipin.com/beijin/mcs/useravatar/20181122/eb49e3c73fc7ecc1d3d9419116f39b74fe93f1e9c896b807dcb32d1505d775b4_s.jpg?x-oss-process=image/resize,w_40,limit_0",招聘专员,张女士,10-15K,java
24,北京 朝阳区 酒仙桥,阿里巴巴集团,10000人以上,不需要融资,互联网,本科,5-10年,"https://img.bosszhipin.com/boss/avatar/avatar_15.png?x-oss-process=image/resize,w_40,limit_0",高级研发,刘先生,20-30K,Java
25,北京 丰台区 科技园区,屹通信息科技,1000-9999人,已上市,计算机软件,本科,3-5年,"https://img.bosszhipin.com/boss/avatar/avatar_3.png?x-oss-process=image/resize,w_40,limit_0",招聘者,毕女士,9-14K,JAVA
26,北京 丰台区 马家堡,宇信科技,1000-9999人,已上市,计算机软件,本科,5-10年,"https://img.bosszhipin.com/beijin/upload/avatar/20190731/b1f86791c3410daff89b3f47f3aa8fb49c7ab34cef314011d353cf430c4835e9_s.jpg?x-oss-process=image/resize,w_40,limit_0",人事,訾女士,18-23K,Java
27,北京 海淀区 上地,科东电力,1000-9999人,不需要融资,信息安全,本科,1-3年,"https://img.bosszhipin.com/beijin/mcs/useravatar/20181017/7873caa836e26c7d3c71d5b2637e22031d7b9da8d4ec311336822819f9231fb1_s.jpg?x-oss-process=image/resize,w_40,limit_0",研发工程师,武先生,8-15K,Java
28,北京  ,艾融软件,500-999人,已上市,互联网,本科,3-5年,"https://img.bosszhipin.com/boss/avatar/avatar_6.png?x-oss-process=image/resize,w_40,limit_0",技术总监,李先生,12-22K,Java
29,北京 朝阳区 酒仙桥,瓜子二手车直卖网,10000人以上,D轮及以上,分类信息,本科,3-5年,"https://img.bosszhipin.com/beijin/mcs/useravatar/20190402/06aed08e1cd51ad87143ed7c4aa0abd1cfcd208495d565ef66e7dff9f98764da_s.jpg?x-oss-process=image/resize,w_40,limit_0",HR,张先生,30-50K·15薪,高级Java
 0,adress,company,company_size,company_statue,company_type,educate,experi,hr_head,hr_job,hr_name,salary,title
0,北京  ,昼夜互娱,100-499人,B轮,互联网,本科,3-5年,"https://img.bosszhipin.com/boss/avatar/avatar_11.png?x-oss-process=image/resize,w_40,limit_0",总裁助理,肖女士,15-26K,Java
1,北京 海淀区 牡丹园,中科软,10000人以上,已上市,计算机软件,本科,3-5年,"https://img.bosszhipin.com/beijin/upload/avatar/20190809/42ced021c11e63cac2b1c3af808417ec8f9d6e197e6ebeb3dbd11942b6b3c2a8_s.png?x-oss-process=image/resize,w_40,limit_0",项目经理,马先生,9-14K·13薪,Java
2,北京 朝阳区 北苑,北京数创世纪,100-499人,未融资,互联网,本科,1-3年,"https://img.bosszhipin.com/beijin/mcs/useravatar/20190314/73f47b53b82ad1b8ce17f79ba2a4954e6101b9fd73460a545f78400ed0ff2319_s.png?x-oss-process=image/resize,w_40,limit_0",人事主管,聂女士,8-12K,Java
3,北京  ,交科院,100-499人,不需要融资,计算机软件,本科,3-5年,"https://img.bosszhipin.com/beijin/mcs/useravatar/20181121/7924b155183f943946ecc1c8d9f21952cfcd208495d565ef66e7dff9f98764da_s.jpg?x-oss-process=image/resize,w_40,limit_0",技术总监,韩先生,12-16K,Java
4,北京 海淀区 四季青,中教美育科技,100-499人,不需要融资,互联网,本科,3-5年,"https://img.bosszhipin.com/beijin/mcs/useravatar/20190314/9e383ea852eded2a970788c48878980bcfcd208495d565ef66e7dff9f98764da_s.jpg?x-oss-process=image/resize,w_40,limit_0",招聘者,杨女士,10-15K,Java
5,北京 朝阳区 呼家楼,悠易互通,100-499人,D轮及以上,广告营销,本科,5-10年,"https://img.bosszhipin.com/beijin/mcs/useravatar/20181029/85384c71e4560d37fd73392e98ca8d5fcfcd208495d565ef66e7dff9f98764da_s.jpg?x-oss-process=image/resize,w_40,limit_0",高级人力资源经理,王女士,35-65K,Java架构师
6,北京 海淀区 魏公村,广视通达,100-499人,B轮,移动互联网,本科,5-10年,"https://img.bosszhipin.com/beijin/mcs/useravatar/20160714/7e52af8ac27a27e389c5f2ef58519a2d651963f66c0a82fbfdfdcd30000131f1_s.jpg?x-oss-process=image/resize,w_40,limit_0",,,30-45K,Java
7,北京 海淀区 知春路,平安医疗,1000-9999人,不需要融资,医疗健康,本科,5-10年,"https://img.bosszhipin.com/boss/avatar/avatar_6.png?x-oss-process=image/resize,w_40,limit_0",hr,巨先生,20-30K·15薪,高级Java工程师
8,北京 海淀区 中关村,爱奇艺,1000-9999人,已上市,互联网,本科,3-5年,"https://img.bosszhipin.com/beijin/upload/avatar/20190730/c3c83111f638316c5f2b94c94c3e86dc1ef2740447ec5c5be858b4188072127a_s.jpg?x-oss-process=image/resize,w_40,limit_0",研究员,张先生,20-35K·14薪,Java工程师
9,北京 朝阳区 太阳宫,Boss直聘,1000-9999人,D轮及以上,人力资源服务,本科,3-5年,"https://img.bosszhipin.com/boss/avatar/avatar_15.png?x-oss-process=image/resize,w_40,limit_0",技术经理,陈先生,25-50K,Java工程师
10,北京 海淀区 上地,小米智能科技,10000人以上,已上市,移动互联网,本科,3-5年,"https://img.bosszhipin.com/boss/avatar/avatar_14.png?x-oss-process=image/resize,w_40,limit_0",技术经理,王先生,30-40K,JAVA后端工程师
11,北京 朝阳区 呼家楼,蚂蚁金服,10000人以上,C轮,互联网,本科,5-10年,"https://img.bosszhipin.com/beijin/mcs/useravatar/20181024/8695eb9181186c61fd5cecdaca0fb911bcde9c5f01a8313532f8bf8d019f08ac_s.jpg?x-oss-process=image/resize,w_40,limit_0",招聘者,文女士,30-60K,Java研发专家
12,北京 海淀区 马连洼,神州信息,1000-9999人,已上市,计算机软件,本科,经验不限,"https://img.bosszhipin.com/beijin/mcs/useravatar/20180403/183e282adf4c75a1769b2daaf7e12aa2cfcd208495d565ef66e7dff9f98764da_s.jpg?x-oss-process=image/resize,w_40,limit_0",招聘顾问,高女士,12-16K,Java
13,北京 海淀区 学院路,宇信科技,1000-9999人,已上市,计算机软件,本科,3-5年,"https://img.bosszhipin.com/beijin/mcs/useravatar/20190322/88209e22180a63134d8c824f53df7287e44a871aac62c0066902a614038de052_s.jpg?x-oss-process=image/resize,w_40,limit_0",HR,赵女士,11-13K,Java开发
14,北京 海淀区 魏公村,北京理工新源,100-499人,不需要融资,互联网,本科,1-3年,"https://img.bosszhipin.com/beijin/mcs/useravatar/20180316/0c121fbf5fa0ce05133a4ca21727784e32ded226dc2857712b60608067471cc3_s.jpg?x-oss-process=image/resize,w_40,limit_0",架构师,周先生,15-28K,Java
15,北京 朝阳区 国贸,文思海辉,10000人以上,已上市,计算机软件,大专,5-10年,"https://img.bosszhipin.com/beijin/mcs/useravatar/20160503/dda8e67c7d67aa715966a897315c29108c7dd922ad47494fc02c388e12c00eac_s.jpg?x-oss-process=image/resize,w_40,limit_0",招聘专员,薛女士,13-24K,JAVA项目经理
16,北京 海淀区 上地,网易,10000人以上,已上市,移动互联网,本科,5-10年,"https://img.bosszhipin.com/beijin/mcs/useravatar/20180402/9206403f512858baa939705e26bbcdec56efec49f738ddd1501cdb933c8b7cce_s.jpg?x-oss-process=image/resize,w_40,limit_0",招聘者,马先生,35-55K,java架构师
17,北京 丰台区 科技园区,智帆金科,20-99人,B轮,互联网,本科,3-5年,"https://img.bosszhipin.com/boss/avatar/avatar_7.png?x-oss-process=image/resize,w_40,limit_0",招聘主管,董先生,15-30K,Java
18,北京 朝阳区 太阳宫,Boss直聘,1000-9999人,D轮及以上,人力资源服务,本科,5-10年,"https://img.bosszhipin.com/beijin/mcs/useravatar/20190613/770adc1c65c80253c43001f722c18943cfcd208495d565ef66e7dff9f98764da_s.jpg?x-oss-process=image/resize,w_40,limit_0",HR,杨女士,35-65K,Java架构师
19,北京 朝阳区 朝阳门,东华博雅,1000-9999人,不需要融资,计算机软件,大专,5-10年,"https://img.bosszhipin.com/beijin/upload/avatar/20190611/8052cde72d6a6b05d966d18383eea7ec4a7a6d9c4e3138e50ac4702beef6a71f_s.jpg?x-oss-process=image/resize,w_40,limit_0",招聘经理,潘女士,15-22K,高级java
20,北京 朝阳区 望京,ASDC,1000-9999人,已上市,计算机软件,本科,3-5年,"https://img.bosszhipin.com/beijin/mcs/useravatar/20190228/3f4bf8881078efedcc8c1e1de99819f084ca2d6177358dac01448d55ca3bde66_s.png?x-oss-process=image/resize,w_40,limit_0",招聘助理,徐女士,12-18K,java工程师
21,北京  ,奥琦玮,1000-9999人,C轮,计算机软件,本科,5-10年,"https://img.bosszhipin.com/boss/avatar/avatar_15.png?x-oss-process=image/resize,w_40,limit_0",招聘者,张先生,20-21K,Java
22,北京 朝阳区 十里堡,VIPKID,10000人以上,D轮及以上,移动互联网,本科,1年以内,"https://img.bosszhipin.com/boss/avatar/avatar_5.png?x-oss-process=image/resize,w_40,limit_0",java,赵先生,15-25K,Java高级工程师
23,北京 朝阳区 来广营,北京尚德机构,10000人以上,已上市,在线教育,本科,3-5年,"https://img.bosszhipin.com/beijin/mcs/useravatar/20190506/b2f37e35384306681bd28cb1c2572ae5aac4aae85cde64e9a5f5a9ff822d87ab_s.png?x-oss-process=image/resize,w_40,limit_0",HRBP,梁女士,14-28K,java开发
24,北京 海淀区 上地,艾融软件,500-999人,已上市,互联网,本科,3-5年,"https://img.bosszhipin.com/beijin/mcs/useravatar/20190718/7e3548720edbaf65eb47390c218b165ad6eedcf3da351aef0e2f873c9edd32b4_s.jpg?x-oss-process=image/resize,w_40,limit_0",招聘专员,杨女士,10-15K,java工程师
25,北京 朝阳区 望京,松果出行,1000-9999人,C轮,移动互联网,本科,5-10年,"https://img.bosszhipin.com/boss/avatar/avatar_5.png?x-oss-process=image/resize,w_40,limit_0",招聘者,吴先生,45-65K,Java架构师
26,北京 朝阳区 高碑店,一起智能,20-99人,A轮,文化/体育/娱乐,学历不限,1-3年,"https://img.bosszhipin.com/beijin/mcs/useravatar/20180508/08167492bfde81a61c8892c4f444974e2d876b97167f513bc5eedd3e4d516755_s.jpg?x-oss-process=image/resize,w_40,limit_0",总经理助理,李女士,15-18K,Java
27,北京 海淀区 上地,小米科技有限责任公司,10000人以上,已上市,移动互联网,本科,3-5年,"https://img.bosszhipin.com/beijin/mcs/useravatar/20180613/21ea09d419d68946c5d8a5e424ef2b9a3bb793174e34437005c3581c60170f41_s.jpg?x-oss-process=image/resize,w_40,limit_0",,,22-35K·14薪,Java 研发工程师
28,北京 大兴区 亦庄,爱回收,1000-9999人,D轮及以上,互联网,本科,3-5年,"https://img2.bosszhipin.com/boss/avatar/avatar_6.png?x-oss-process=image/resize,w_40,limit_0",技术经理,吴先生,15-30K,JAVA软件工程师
29,北京  ,弗恩天下,0-20人,未融资,互联网,本科,3-5年,"https://img.bosszhipin.com/beijin/mcs/useravatar/20180927/b60ebeea2b865274320f96330b5c226e0b8224d583786cd44ee8a1244221c37d_s.jpg?x-oss-process=image/resize,w_40,limit_0",经理,齐女士,10-20K,Java